episode,reward,victims_rescued,coverage_ratio,steps,total_loss,actor_loss,critic_loss,entropy
0,41.56563400597749,1,0.13333334,214,2480.670324697687,3.6611749692383455e-05,2480.6702880859375,1.3852441906929016
1,152.11554103521075,5,0.21777777,211,2134.189205876155,0.0007903488112788182,2134.1884155273438,1.3825002014636993
2,230.24400145846255,5,0.29333332,206,2382.213151641451,-0.0005324405801729881,2382.2136840820312,1.3756893575191498
3,193.25666934957542,3,0.31555554,209,2295.6554637345253,0.001105824369005859,2295.6543579101562,1.3629729449748993
4,104.61030739963576,3,0.19111112,210,1484.5523129268659,0.001989440537727205,1484.5503234863281,1.3452460169792175
5,134.55952106477727,4,0.23111111,212,890.0051381684334,0.001155624488092144,890.0039825439453,1.322188377380371
6,76.99248528472424,3,0.16444445,213,1215.5742825624766,0.004946624976582825,1215.5693359375,1.298736184835434
7,183.85019043391546,3,0.24444444,203,890.8105337620946,0.003725290414877236,890.8068084716797,1.2841852009296417
8,128.99768429423992,2,0.20444444,205,963.3018407159252,0.003912859479896724,963.2979278564453,1.2882793545722961
9,160.67013030892042,3,0.27555555,210,848.2403240656713,0.008100554929114878,848.2322235107422,1.2995927333831787
10,228.23213603298638,6,0.28444445,206,741.4654362131841,0.011960261035710573,741.4534759521484,1.3069014847278595
11,216.86338855637914,3,0.2888889,201,842.7569471010938,0.005680621601641178,842.7512664794922,1.310632586479187
12,160.10865082657546,3,0.22666667,207,953.9473225274123,0.019527117256075144,953.9277954101562,1.3089662492275238
13,221.3519933829084,5,0.2888889,209,940.1355929123238,0.022525285370647907,940.1130676269531,1.306995153427124
14,51.20089082542089,1,0.13777778,212,711.620530874934,0.02270677825435996,711.5978240966797,1.2986003160476685
15,239.9360778809524,5,0.2711111,201,880.0694095324725,0.023221177980303764,880.0461883544922,1.286154568195343
16,194.88649891587255,2,0.2711111,200,1350.1654656701721,0.0290826135315001,1350.1363830566406,1.27323979139328
17,133.54604429562502,3,0.20888889,207,665.9204093404114,0.04351725056767464,665.8768920898438,1.2638196349143982
18,138.43314871435288,3,0.24,211,933.5745713934302,0.0357072576880455,933.5388641357422,1.2562167346477509
19,215.17993829252947,4,0.2711111,203,875.7364793922752,0.039152732118964195,875.6973266601562,1.2510210275650024
20,75.6282620052436,2,0.18666667,216,707.3743252363056,0.060848673805594444,707.3134765625,1.240280956029892
21,190.3295671755013,4,0.26666668,206,789.3557159006596,0.05169978737831116,789.3040161132812,1.2385803163051605
22,-9.546210287356432,1,0.16,222,852.2034524846822,0.05377902276813984,852.1496734619141,1.2423438131809235
23,110.31672899491024,3,0.18666667,210,749.8798842439428,0.051805020309984684,749.8280792236328,1.2474979758262634
24,218.95730225509297,4,0.31555554,205,688.3765344480053,0.05364321265369654,688.3228912353516,1.2560283839702606
25,108.09361998776504,2,0.15555556,207,713.9401794523001,0.047265633940696716,713.8929138183594,1.2694533467292786
26,173.73090419308588,4,0.22666667,207,836.6061306302436,0.03397181676700711,836.5721588134766,1.2856583297252655
27,199.35699777685699,3,0.29777777,205,1405.6662931032479,0.030489880591630936,1405.6358032226562,1.2973693311214447
28,98.6472187106467,2,0.19555555,208,811.8987078362843,0.011165111674927175,811.8875427246094,1.3054358661174774
29,236.8001477024451,5,0.28444445,201,762.8927449190523,0.003630539169535041,762.8891143798828,1.3067722022533417
30,126.50153328261669,3,0.26666668,215,839.108331902069,-0.003469245391897857,839.1118011474609,1.3021704256534576
31,97.12790421184262,4,0.17777778,214,1059.1638085430022,0.01100702933035791,1059.1528015136719,1.2952740490436554
32,39.489178811446465,1,0.11111111,210,787.8880854657618,0.007943253847770393,787.8801422119141,1.2883943319320679
33,231.4987978653759,5,0.25333333,199,740.3925582584925,0.01136319013312459,740.3811950683594,1.2845697700977325
34,160.0975830744603,3,0.2488889,209,805.0682402688544,0.015444858698174357,805.0527954101562,1.2890252768993378
35,141.38482224891447,5,0.22666667,215,796.0281645313371,0.007855083094909787,796.0203094482422,1.2957124710083008
36,39.7654507164723,1,0.13777778,214,790.3273153629852,0.0038137760711833835,790.3235015869141,1.299839735031128
37,205.40047981298304,5,0.29777777,210,692.923240587581,0.017158434260636568,692.9060821533203,1.3009372353553772
38,10.320903395227708,1,0.13777778,220,913.1917272566934,0.0019994734902866185,913.1897277832031,1.302450716495514
39,233.42441160263994,5,0.26666668,203,940.3241114806151,0.0030818175291642547,940.3210296630859,1.301809161901474
40,88.74956822566214,3,0.16,211,602.1852621919243,0.005589950713329017,602.1796722412109,1.301471620798111
41,139.8718595178791,3,0.23111111,211,728.8384504104033,0.006831147707998753,728.8316192626953,1.302630364894867
42,208.95453291021659,4,0.2488889,200,497.2138375286013,0.0074471477419137955,497.2063903808594,1.305390626192093
43,143.67674526588584,4,0.2488889,211,843.4434560062364,0.010182690806686878,843.4332733154297,1.3063988983631134
44,276.7788095770494,6,0.33333334,204,1534.9841491336701,0.004840051638893783,1534.9793090820312,1.3047800958156586
45,87.99259935941947,1,0.22666667,213,819.766120795859,0.007408027304336429,819.7587127685547,1.3072555363178253
46,163.6316037327933,4,0.2711111,211,633.6298250560649,0.017154157627373934,633.6126708984375,1.3116835951805115
47,79.32542348429322,2,0.20888889,217,783.5852632599417,0.010815628105774522,783.5744476318359,1.3131496608257294
48,167.30050768862284,6,0.22666667,209,791.9757276271703,0.0049176906468346715,791.9708099365234,1.3138848543167114
49,271.6785734549717,5,0.34666666,204,890.8379865166498,0.004536199267022312,890.8334503173828,1.3169512152671814
50,215.68402664240097,4,0.27555555,202,666.1209275383735,0.006669725873507559,666.1142578125,1.3162733614444733
51,87.764258639826,1,0.16444445,208,1035.9041712084436,0.0036890307092107832,1035.9004821777344,1.319352388381958
52,-77.4343108680169,1,0.093333334,229,931.4184827561257,0.006739592063240707,931.4117431640625,1.3198351562023163
53,146.862517678842,3,0.2888889,214,589.7674785437994,0.005912381689995527,589.7615661621094,1.321102261543274
54,282.26792837569764,6,0.3422222,202,800.4191588611575,0.007858201977796853,800.4113006591797,1.3253670632839203
55,136.82671590449777,3,0.24444444,213,627.6968247479526,0.005418497952632606,627.69140625,1.330292284488678
56,132.46043025035232,4,0.20888889,211,789.2225528953131,0.003177284961566329,789.2193756103516,1.3351587057113647
57,122.73567068460338,4,0.20444444,213,756.0522556594369,-0.0014247604849515483,756.0536804199219,1.3411836624145508
58,218.21885723855607,4,0.26666668,203,791.646706421132,0.0012749025772791356,791.6454315185547,1.3530433177947998
59,138.8727076045519,2,0.25333333,211,1011.6416696653905,-0.0005117310938658193,1011.6421813964844,1.3621898293495178
60,205.204442649524,5,0.28,209,1126.6744930154528,-0.0029972189222462475,1126.677490234375,1.372858852148056
61,-64.80805601337295,1,0.08888889,228,1512.311972148611,0.00026560564219835214,1512.3117065429688,1.380290299654007
62,30.316785955238966,2,0.16,220,1471.60272329695,0.0010387266374891624,1471.6016845703125,1.383309692144394
63,59.39362997953492,2,0.14666666,211,1359.7083290707797,0.0002602231234050123,1359.7080688476562,1.3825612664222717
64,143.61949564176064,6,0.27555555,218,1588.9459394670557,0.002061293227598071,1588.9438781738281,1.3816570341587067
65,117.99915058120021,3,0.26666668,216,863.3394824125862,0.0011492827034089714,863.3383331298828,1.383097529411316
66,-9.76331779725349,3,0.12444445,223,1297.8397463409638,-0.0022641570831183344,1297.8420104980469,1.3832184374332428
67,220.94239268600322,4,0.3288889,206,1274.5641972584708,-0.0014765696541871876,1274.565673828125,1.380980908870697
68,44.13534743744143,1,0.14666666,212,1224.7203430975787,-0.0026488457806408405,1224.7229919433594,1.3768272995948792
69,226.77227781168034,5,0.33333334,212,658.3967999550514,0.0009564491920173168,658.3958435058594,1.3747932314872742
70,155.96856076183155,3,0.30666667,211,892.4642535108433,0.001790131937013939,892.4624633789062,1.3757576048374176
71,-18.443269096688653,2,0.15111111,226,852.3901365158817,-0.0011446120479376987,852.3912811279297,1.3787329494953156
72,131.264084257911,3,0.23555556,211,1062.5160491785136,-0.0004303136738599278,1062.5164794921875,1.3805944919586182
73,83.51452638050968,2,0.21777777,216,1155.3252927362919,-0.000696033239364624,1155.3259887695312,1.382353812456131
74,103.27315419481485,3,0.20888889,213,1265.0307543116724,-0.0004041355932713486,1265.0311584472656,1.381708949804306
75,60.56200292339743,4,0.18666667,220,828.3766436745063,-0.00018738018115982413,828.3768310546875,1.380811333656311
76,9.970118776930656,2,0.2,224,1115.507084157085,-0.0017354229930788279,1115.5088195800781,1.3804343342781067
77,106.25439675758292,3,0.25777778,219,667.3274221760366,-0.0008554118539905176,667.3282775878906,1.3792598843574524
78,141.09762340947464,3,0.21777777,209,841.1838859844429,0.0016197490913327783,841.1822662353516,1.378835916519165
79,56.71632111543676,2,0.18666667,217,1098.1394091116963,0.00235466833692044,1098.1370544433594,1.3773592114448547
80,70.48338952527092,2,0.20888889,217,843.67161552381,-0.001983719354029745,843.6735992431641,1.3770784139633179
81,27.534136240421336,1,0.14222223,216,1039.1808326401588,0.00022961281501920894,1039.1806030273438,1.3786829113960266
82,72.38723413694645,1,0.20888889,215,1409.6048882799514,-0.0008551282517146319,1409.6057434082031,1.3798516988754272
83,148.16120822490052,6,0.25777778,216,772.8769609499141,0.0005266237421892583,772.8764343261719,1.3808629512786865
84,85.57566970626993,3,0.23111111,217,1362.386702477408,0.0009297723299823701,1362.3857727050781,1.3817315995693207
85,69.45840104702819,2,0.16888888,214,529.4427981702647,-0.0005001695790269878,529.4432983398438,1.3831179738044739
86,72.17133634795674,2,0.23111111,220,797.0241334482544,0.00013137305904820096,797.0240020751953,1.3826282918453217
87,58.188894373149395,4,0.18222222,220,635.1372404399735,-0.00025650826864875853,635.1374969482422,1.3820744156837463
88,7.842745517161871,2,0.19555555,224,996.5536756156071,0.0013227103336248547,996.5523529052734,1.3821821808815002
89,-26.873681263118947,1,0.115555555,223,856.060199161242,0.0008119542108033784,856.0593872070312,1.3839930295944214
90,67.05942078149481,3,0.17333333,216,882.3603186375767,0.0005621678501483984,882.3597564697266,1.383768767118454
91,81.51866767624266,2,0.17777778,214,881.0163547547709,-0.0006893126119393855,881.0170440673828,1.383975476026535
92,176.09312277247693,3,0.31111112,212,1079.2348492222081,-0.0008990688074845821,1079.2357482910156,1.3837911486625671
93,-84.6751833204211,1,0.14222223,231,898.1740690542356,0.0014158559934003279,898.1726531982422,1.3825357556343079
94,-69.30973987244866,2,0.13777778,230,812.3157925224514,0.0011562919826246798,812.3146362304688,1.3820965588092804
95,118.43115762373787,3,0.23111111,214,827.2903539528634,0.0011236061836825684,827.2892303466797,1.3823232054710388
96,0.8083126237247131,4,0.13777778,226,812.3063728159032,0.0004951303562847897,812.3058776855469,1.3818827867507935
97,-23.682392763694963,2,0.13333334,226,693.6836525733379,-0.0006278221699176356,693.6842803955078,1.382330745458603
98,71.40359068489471,2,0.2,218,692.484579754565,-0.0004818909428649931,692.4850616455078,1.3833174407482147
99,277.09206651953235,7,0.31555554,206,830.8997337157198,-0.0006569092802237719,830.900390625,1.380600929260254
100,-29.00590210134427,3,0.16444445,231,599.1332084689057,-0.00039748812559992075,599.1336059570312,1.3793871104717255
101,19.927277718361434,1,0.16444445,219,649.1107489754504,-0.001143724744906649,649.1118927001953,1.3782106339931488
102,91.04630269855387,4,0.24444444,219,557.6600375939743,0.0017734338180162013,557.6582641601562,1.3738352954387665
103,95.96789512316764,4,0.17333333,217,672.3227816731378,0.0018588215752970427,672.3209228515625,1.376574695110321
104,9.635545255747513,1,0.16444445,219,898.9508671788717,0.0006871251607662998,898.9501800537109,1.3821869492530823
105,6.590853216314439,1,0.13777778,220,889.5665879076987,0.0017990893393289298,889.5647888183594,1.3837672173976898
106,36.460643931076426,2,0.2711111,224,1841.2973683173477,-0.0014903252304065973,1841.2988586425781,1.3831612467765808
107,93.68866037321807,4,0.15555556,212,680.9923300226073,-0.001230768408277072,680.9935607910156,1.3823021352291107
108,76.58419996881474,2,0.19555555,214,651.7029911942664,0.001590437430422753,651.7014007568359,1.376311033964157
109,-62.43848876510535,1,0.12,227,1202.819147787326,0.0005137541229487397,1202.8186340332031,1.370558351278305
110,63.12307642250711,3,0.23555556,224,1074.1780184372237,-0.00020421902627276722,1074.17822265625,1.370750367641449
111,31.322485883239885,3,0.23111111,227,936.8779735944408,0.0020733258861582726,936.8759002685547,1.3740322291851044
112,92.19238896365404,2,0.22666667,215,700.091764966448,-0.0008558831614209339,700.0926208496094,1.3808175027370453
113,89.32611052219853,2,0.23555556,218,892.0835314007545,0.0001573773170093773,892.0833740234375,1.379889339208603
114,-57.07327372628762,2,0.16,228,824.9066322967157,0.00022970882503159373,824.9064025878906,1.3755410015583038
115,3.163200019464247,3,0.17777778,226,720.0391584773897,-0.0017045597196556628,720.0408630371094,1.3725644052028656
116,12.641402024005446,2,0.17777778,222,929.4003702127229,-0.00063076383958105,929.4010009765625,1.3697689473628998
117,32.94586007974401,3,0.17777778,222,639.4889295781977,0.00034315241646254435,639.4885864257812,1.368179976940155
118,-0.22890051417257257,2,0.115555555,218,933.6254522496893,0.0014745885564479977,933.6239776611328,1.3680842220783234
119,-99.41850476635243,1,0.10666667,233,898.3083439566108,-0.0007228158501675352,898.3090667724609,1.3755313158035278
120,71.01431938458033,4,0.22666667,220,621.0910888105573,-0.0021881669817958027,621.0932769775391,1.378569781780243
121,129.7906617993941,6,0.21777777,214,1042.7798115894002,-0.0002787426310533192,1042.7800903320312,1.373155415058136
122,42.4228148890083,3,0.16,220,659.9871230549397,1.4729084796272218e-06,659.9871215820312,1.3740889728069305
123,80.09146267563031,4,0.24444444,224,823.2826571309288,0.0010561787803453626,823.2816009521484,1.3781067728996277
124,36.85528632690988,1,0.23111111,220,906.608857956875,0.0007341775781242177,906.6081237792969,1.3762553930282593
125,-85.54048198464285,0,0.08444444,225,1330.266885259265,0.00010059129635919817,1330.2667846679688,1.3799302875995636
126,-85.14161906879451,3,0.12,235,1024.9153697379625,-0.00020338215472293086,1024.9155731201172,1.38089320063591
127,33.32309831457227,2,0.20444444,222,870.958617784876,-0.0007175422724685632,870.9593353271484,1.3839859068393707
128,11.279582590585662,1,0.17333333,221,909.2450871752371,-0.000548811090993695,909.2456359863281,1.3834125399589539
129,56.615821577701674,3,0.15111111,219,899.1817681289831,0.00046319734246935695,899.1813049316406,1.3832638561725616
130,31.619553928078314,2,0.16888888,218,881.7319026739642,-1.5660996723454446e-05,881.7319183349609,1.3832804560661316
131,10.982615690603174,2,0.18222222,223,867.7391094868035,0.000980824694124749,867.7381286621094,1.3798813223838806
132,19.225947853013658,3,0.13777778,223,728.4012255452071,-0.00047733565224916674,728.4017028808594,1.3830453753471375
133,-117.34209234736407,0,0.115555555,233,609.8298998709834,-0.0001019600713334512,609.8300018310547,1.38405179977417
134,3.622728241394508,3,0.18666667,226,688.3258122081511,-0.0002528553254705912,688.3260650634766,1.384089857339859
135,32.36492594768379,2,0.16888888,221,662.7828389641363,0.0012685295660048723,662.7815704345703,1.3823421895503998
136,-39.510401589625204,1,0.12444445,225,776.1971294869545,-0.0005481253501784522,776.1976776123047,1.3808622062206268
137,58.50674581681565,3,0.17333333,217,775.4233205288037,-0.0011179477587575093,775.4244384765625,1.3782118558883667
138,20.934573542648636,2,0.16444445,222,638.3077567196433,0.0003684139792312635,638.3073883056641,1.3766918182373047
139,60.471014926982974,3,0.21777777,221,696.6388111434644,0.0003376327222213149,696.6384735107422,1.3798913061618805
140,-115.50311038874463,3,0.12,238,985.674594558579,0.0006443632664741017,985.6739501953125,1.3792465329170227
141,192.96822597300343,6,0.29333332,214,2039.4335725311876,0.0001618866563148913,2039.4334106445312,1.3805414736270905
142,60.17971190880159,3,0.23111111,224,732.8898005386873,-0.000687132211169228,732.8904876708984,1.3820733726024628
143,50.82617014122178,3,0.20888889,224,689.2132276642369,-0.0016466033412143588,689.2148742675781,1.3826197683811188
144,-6.531805309869339,2,0.15555556,225,815.5688800305361,0.0006579846376553178,815.5682220458984,1.3802118003368378
145,6.7345257670533005,1,0.20888889,225,737.5237295865518,-0.0006844759482191876,737.5244140625,1.3807735741138458
146,-96.12209006658925,1,0.093333334,231,921.0556905681333,-0.0002634113589010667,921.0559539794922,1.3784916996955872
147,16.787291673294156,3,0.21333334,225,831.2535764916393,-0.0011384741810616106,831.2547149658203,1.37710040807724
148,144.21485528124617,6,0.23555556,220,805.0194380464382,0.0017836274928413332,805.0176544189453,1.373672366142273
149,96.95421733657047,5,0.23555556,220,688.02748259902,-0.00039520859718322754,688.0278778076172,1.3726903796195984
150,40.855195245246016,2,0.15111111,217,891.5377535646257,-0.0019192869367543608,891.5396728515625,1.3740070164203644
151,75.80540570147237,3,0.22666667,222,987.0855975353043,0.0015216075698845088,987.0840759277344,1.3730265200138092
152,18.857902014025523,2,0.14666666,217,958.8679371251783,0.0012836827954743057,958.8666534423828,1.3760095834732056
153,52.934501936851106,3,0.14222223,216,808.7783603835405,-0.0001277756391573348,808.7784881591797,1.3750808835029602
154,91.64288584178382,3,0.21333334,214,1118.7621260606684,-0.0016678846441209316,1118.7637939453125,1.3792174458503723
155,156.61271806517115,4,0.30222222,216,1131.0070235628227,-0.0008194547554012388,1131.0078430175781,1.3812987506389618
156,28.43596024165005,4,0.16,222,1168.5507763385758,-0.0006457805648096837,1168.5514221191406,1.3826720416545868
157,131.11758241702486,4,0.22222222,211,968.2260783758247,-0.001308098784647882,968.2273864746094,1.3814774751663208
158,-39.380327612099386,1,0.10222222,221,801.5415317229326,0.0005923918779444648,801.5409393310547,1.3824235796928406
159,84.42833680519175,4,0.18666667,218,1015.2723301346596,-0.000237614363868488,1015.2725677490234,1.381335824728012
160,59.45480835942186,2,0.19555555,216,769.6072875312093,-0.0012787529703928158,769.6085662841797,1.379030168056488
161,-1.5987982301135357,2,0.13777778,224,750.7308903924568,0.0004369012458482757,750.7304534912109,1.3753831088542938
162,-4.8894243014081695,3,0.13333334,225,648.2702335692884,-0.0008540771959815174,648.2710876464844,1.3740084767341614
163,154.51985247555876,6,0.23111111,213,944.6545339866134,0.001289968058699742,944.6532440185547,1.3755589723587036
164,67.3173493454359,2,0.18666667,214,789.94719611849,-0.00011528287723194808,789.9473114013672,1.378271609544754
165,-5.44032686099211,2,0.13333334,223,706.1314856561075,-0.0008233038533944637,706.1323089599609,1.3820334374904633
166,58.37188718350505,3,0.2,221,1108.5122743097018,-0.0004515203763730824,1108.5127258300781,1.3783340156078339
167,-45.36338205109366,1,0.15111111,229,566.4211045737839,-0.0009230141067746445,566.4220275878906,1.379071056842804
168,55.68664563331201,4,0.20888889,223,623.354756615292,0.0004017568935523741,623.3543548583984,1.3820764422416687
169,24.706951116965957,1,0.14666666,217,907.558470997747,0.0005333756766958686,907.5579376220703,1.3818962275981903
170,78.95497364754243,3,0.22222222,217,621.5867842069965,3.79911762138363e-05,621.5867462158203,1.3813116550445557
171,28.000479435521864,1,0.13777778,211,561.3427423068497,-0.001419680455001071,561.3441619873047,1.3751728534698486
172,19.009452752512228,2,0.15555556,221,612.5737677929574,-0.002770292980130762,612.5765380859375,1.3685123026371002
173,76.67331240676349,2,0.19555555,213,1038.7846816462115,-0.0018784123822115362,1038.7865600585938,1.3666369318962097
174,201.7802558809438,6,0.2711111,209,862.9605528506618,-0.0007661190647922922,862.9613189697266,1.3684271574020386
175,-28.894475868137686,2,0.16444445,230,795.7594049129129,-0.0005895939229958458,795.7599945068359,1.3750351071357727
176,34.19547298821939,1,0.17777778,220,1021.124790285372,0.0005379660360631533,1021.1242523193359,1.3766688406467438
177,25.28905463794616,5,0.18222222,228,1109.8242627330474,-0.001481895858887583,1109.8257446289062,1.375529706478119
178,15.387466480501594,3,0.18666667,223,1003.3565740154772,0.0004949139147356618,1003.3560791015625,1.3737430572509766
179,62.84635235691387,3,0.25333333,227,1066.6241629809138,7.850825761579472e-05,1066.6240844726562,1.378999650478363
180,17.99705472488687,3,0.08888889,215,679.1402912198118,-0.00018119229753210675,679.1404724121094,1.3811476826667786
181,-29.39213704270838,2,0.15555556,226,719.0582715139899,-0.0010851754632312804,719.0593566894531,1.3805783689022064
182,141.05563053274082,5,0.25777778,215,699.0117396407586,0.0007227950554806739,699.0110168457031,1.3761077225208282
183,61.602344408226976,3,0.22666667,221,2148.086610762919,0.0007342980752582662,2148.0858764648438,1.3688642978668213
184,46.429119423342975,3,0.17333333,217,1299.2951039253385,0.0029286323697306216,1299.2921752929688,1.3691551983356476
185,33.20238824671657,2,0.24,226,1180.2282589294482,0.0029476501513272524,1180.2253112792969,1.3708440363407135
186,41.68160448494801,2,0.16888888,219,1043.6217800917802,0.0041348281083628535,1043.6176452636719,1.3720316886901855
187,194.78647323937258,5,0.26666668,209,,,,
188,101.6983966601976,2,0.23111111,216,,,,
189,-50.4379434623321,2,0.14222223,230,,,,
190,38.36462173552891,2,0.17777778,220,,,,
191,96.84878955847866,3,0.23555556,216,,,,
192,30.068625246777913,2,0.17777778,223,,,,
193,53.187955263135095,2,0.19555555,218,,,,
194,150.88562475534766,4,0.25333333,212,,,,
195,146.5195884828647,4,0.2488889,215,,,,
196,-39.72725158867731,1,0.15555556,228,,,,
197,42.32175900003008,4,0.17777778,221,,,,
198,39.608150865735446,2,0.17333333,218,,,,
199,86.82630011380387,3,0.17333333,211,,,,
200,94.48096693330838,5,0.24,224,,,,
201,19.6253161605867,2,0.16888888,221,,,,
202,231.54059298039886,6,0.29777777,207,,,,
203,127.01544782961791,4,0.23555556,213,,,,
204,145.71587097544642,5,0.2488889,215,,,,
205,119.24201809821534,3,0.25777778,216,,,,
206,54.905661728554975,3,0.22222222,223,,,,
207,36.302920949961134,3,0.14666666,219,,,,
208,63.04916478361628,3,0.22222222,224,,,,
209,114.55989131518305,4,0.2488889,217,,,,
210,131.3853120282607,3,0.29333332,218,,,,
211,46.88342986239224,2,0.18666667,218,,,,
212,194.66315651814992,4,0.29777777,208,,,,
213,92.5525090771703,3,0.26222223,219,,,,
214,65.8133050650769,3,0.14222223,214,,,,
215,100.78989833859049,3,0.18666667,213,,,,
216,173.09224059977632,5,0.2888889,213,,,,
217,133.6696173406308,4,0.22666667,210,,,,
218,52.625347401472546,4,0.18666667,220,,,,
219,66.07437896115786,2,0.18666667,215,,,,
220,206.57764819564684,5,0.29333332,209,,,,
221,151.69273389964167,4,0.2711111,214,,,,
222,48.85494146687687,2,0.16444445,216,,,,
223,64.28164198816401,2,0.22666667,218,,,,
224,24.21134649926394,3,0.18222222,222,,,,
225,-11.783462835709217,2,0.20888889,228,,,,
226,72.48366270978327,3,0.14666666,215,,,,
227,66.97673497244354,3,0.21777777,219,,,,
228,30.192683283880793,2,0.15555556,219,,,,
229,41.1563905891894,2,0.19111112,221,,,,
230,95.35919587899002,2,0.20444444,212,,,,
231,49.43548748534546,1,0.19555555,218,,,,
232,116.53938155092263,4,0.19555555,215,,,,
233,-9.35913941217663,3,0.11111111,221,,,,
234,46.32969924803611,4,0.15555556,221,,,,
235,93.6376407629778,3,0.18222222,215,,,,
236,77.65294907754377,3,0.18666667,215,,,,
237,-24.164690269878715,2,0.13333334,225,,,,
238,2.7007556412859497,2,0.12444445,219,,,,
239,38.17519383540393,3,0.115555555,213,,,,
240,-2.508669778466682,2,0.13777778,221,,,,
241,62.62407046611312,2,0.23111111,218,,,,
242,12.741259528670742,1,0.17333333,219,,,,
243,133.46951869079712,4,0.20888889,209,,,,
244,87.93375294447942,3,0.22666667,217,,,,
245,129.14163612880597,1,0.28444445,211,,,,
246,43.60648061896876,3,0.18222222,222,,,,
247,55.13614478080266,4,0.23111111,224,,,,
248,122.6613565441789,3,0.31111112,217,,,,
249,49.81058169312647,3,0.20444444,223,,,,
250,104.89392639010505,2,0.31111112,220,,,,
251,129.29495040025395,3,0.25777778,215,,,,
252,84.32662856171953,4,0.21777777,218,,,,
253,44.802569801515936,2,0.22666667,221,,,,
254,59.417701117518604,4,0.15111111,217,,,,
255,3.6316968991367746,4,0.18666667,230,,,,
256,146.6394086054614,5,0.24444444,213,,,,
257,107.42010916947125,4,0.24444444,218,,,,
258,-54.7739266473255,1,0.10666667,225,,,,
259,40.97519894329854,3,0.18666667,222,,,,
260,4.065865843637427,4,0.18666667,227,,,,
261,-35.20411518781474,2,0.15555556,228,,,,
262,26.439191453166025,3,0.19555555,223,,,,
263,239.56195659645832,5,0.32,205,,,,
264,53.449681908029085,3,0.14222223,217,,,,
265,269.170243204283,7,0.3288889,207,,,,
266,54.806591067106055,3,0.16444445,216,,,,
267,63.901452683040866,3,0.23555556,219,,,,
268,77.64888143935363,3,0.19111112,217,,,,
269,-20.874364340441858,3,0.12888889,227,,,,
270,101.6242417773302,4,0.22666667,215,,,,
271,17.816558433412176,3,0.13333334,219,,,,
272,-25.803595380967522,2,0.13333334,227,,,,
273,88.36960626036095,4,0.21777777,218,,,,
274,52.56280111499341,3,0.19111112,221,,,,
275,78.2439500168657,3,0.19111112,214,,,,
276,-38.888163324890776,3,0.13333334,226,,,,
277,61.1888768739168,3,0.21333334,217,,,,
278,116.78325164289346,5,0.24444444,218,,,,
279,80.05715438003547,3,0.19111112,213,,,,
280,-8.851789921349713,3,0.13777778,224,,,,
281,22.365386884895372,3,0.19111112,222,,,,
282,97.89266988827106,2,0.23111111,214,,,,
283,9.382555323184787,2,0.15555556,223,,,,
284,-24.5686937357499,1,0.13777778,225,,,,
285,157.4400192699447,5,0.2488889,215,,,,
286,109.04483419885182,3,0.22666667,213,,,,
287,38.27568857758781,2,0.2,220,,,,
288,46.96876500780164,2,0.18222222,220,,,,
289,115.3434402297426,3,0.2,210,,,,
290,0.5651551839706754,2,0.13777778,220,,,,
291,174.93321393308983,5,0.26222223,210,,,,
292,-33.789060164203256,2,0.13333334,224,,,,
293,0.29372709866975955,1,0.12444445,219,,,,
294,65.22344598685196,3,0.22666667,218,,,,
295,-38.583447019174216,2,0.16888888,230,,,,
296,143.42472654082667,6,0.26222223,222,,,,
297,63.07177307287182,2,0.18222222,220,,,,
298,168.89210157644192,3,0.24,207,,,,
299,55.780830694172224,2,0.18222222,217,,,,
300,94.99572338626949,2,0.23111111,214,,,,
301,135.42066714489883,3,0.29777777,218,,,,
302,25.215175229321353,2,0.20888889,223,,,,
303,-15.405946346515135,2,0.16444445,228,,,,
304,99.7979989616549,4,0.23111111,218,,,,
305,-78.20735872280285,1,0.16,232,,,,
306,180.97024526857416,5,0.29333332,211,,,,
307,130.97845458345387,3,0.23555556,212,,,,
308,131.5427892008178,4,0.2488889,215,,,,
309,56.975912469788874,2,0.22666667,220,,,,
310,134.32731327019516,4,0.20444444,212,,,,
311,78.53724944621325,2,0.20888889,217,,,,
312,64.00901092364619,2,0.24,223,,,,
313,68.84327036528911,3,0.18222222,220,,,,
314,43.81523283431413,2,0.16,212,,,,
315,-17.186169396691117,2,0.16888888,228,,,,
316,157.66733108822856,5,0.25777778,213,,,,
317,-75.6816105478363,1,0.08444444,227,,,,
318,33.277009349469544,1,0.18666667,219,,,,
319,89.90019572492106,4,0.21777777,218,,,,
320,127.71767081011582,4,0.25777778,216,,,,
321,-4.654862899972761,3,0.13333334,225,,,,
322,42.23244378033813,3,0.17333333,222,,,,
323,80.65240380889186,4,0.24444444,220,,,,
324,25.5934171591994,3,0.13777778,221,,,,
325,147.82402741724758,3,0.23555556,210,,,,
326,116.31968112401773,5,0.19555555,214,,,,
327,78.55234351889294,3,0.23111111,219,,,,
328,137.78952872731045,5,0.2,213,,,,
329,48.51541746708362,3,0.23111111,224,,,,
330,57.34985287076721,4,0.20888889,221,,,,
331,141.10511249416035,5,0.20888889,211,,,,
332,66.54153592921769,4,0.27555555,228,,,,
333,29.487728649980024,3,0.17333333,224,,,,
334,46.81222242169023,4,0.20444444,223,,,,
335,74.1832791963389,3,0.2,219,,,,
336,-2.065397509107483,4,0.17777778,228,,,,
337,-35.78485316427745,2,0.21333334,233,,,,
338,28.42034168785146,2,0.19555555,222,,,,
339,37.01074716864269,2,0.17777778,220,,,,
340,59.874249654277996,2,0.19555555,216,,,,
341,-53.765657016299144,1,0.09777778,223,,,,
342,70.51370601139396,3,0.19111112,219,,,,
343,4.321829472853584,1,0.13777778,220,,,,
344,89.69940587608716,3,0.2488889,218,,,,
345,91.05769500368574,4,0.26666668,222,,,,
346,89.96770059599876,3,0.23555556,220,,,,
347,180.50839372336267,5,0.25333333,211,,,,
348,138.24846856487335,5,0.26222223,219,,,,
349,69.37750768977122,4,0.15555556,215,,,,
350,-4.708207230029199,1,0.12,222,,,,
351,4.362622517740021,2,0.15555556,220,,,,
352,129.36856269208303,4,0.30666667,223,,,,
353,27.175375047268766,3,0.18222222,223,,,,
354,-11.04851717835364,3,0.14666666,225,,,,
355,29.096745386701766,2,0.21333334,221,,,,
356,186.34414170191644,5,0.31555554,213,,,,
357,13.101194526236053,2,0.13777778,220,,,,
358,138.43697964269424,3,0.21777777,211,,,,
359,88.46693638134526,4,0.20888889,218,,,,
360,85.00448609211074,3,0.18222222,216,,,,
361,6.19144626938094,4,0.12444445,226,,,,
362,91.27626427875359,3,0.20444444,215,,,,
363,1.0284386441060953,3,0.13333334,222,,,,
364,-20.97396676528783,1,0.17777778,225,,,,
365,137.8404975599112,3,0.32,218,,,,
366,117.48908143421761,4,0.27555555,220,,,,
367,105.42421979696255,3,0.17333333,209,,,,
368,65.68436301140008,5,0.2488889,227,,,,
369,0.4732755666868181,2,0.11111111,220,,,,
370,67.0083158792905,2,0.23555556,221,,,,
371,68.07392082605914,3,0.18222222,217,,,,
372,120.63717772320761,2,0.28,217,,,,
373,76.60714845853951,5,0.19111112,221,,,,
374,155.7427820993812,5,0.24,211,,,,
375,10.03799592742452,1,0.14222223,218,,,,
376,41.059959570697195,1,0.16444445,217,,,,
377,74.30603184475444,1,0.23111111,215,,,,
378,37.36242588661851,2,0.16444445,221,,,,
379,148.05575594759378,4,0.29333332,216,,,,
380,63.36931012210722,4,0.17333333,218,,,,
381,-56.2241953698204,1,0.08888889,224,,,,
382,53.13922833551988,2,0.16444445,215,,,,
383,-2.2411908491785577,2,0.17777778,224,,,,
384,6.508226041356893,3,0.15111111,222,,,,
385,42.74552561717938,3,0.16,219,,,,
386,106.8857821017769,3,0.18666667,211,,,,
387,-47.10185180019373,3,0.12888889,228,,,,
388,-59.8450135020692,3,0.08,227,,,,
389,33.727668581444554,3,0.16,220,,,,
390,89.71142078293806,4,0.17333333,215,,,,
391,84.51602090419236,3,0.24,221,,,,
392,90.94753234291974,4,0.19111112,218,,,,
393,103.97086075755338,4,0.2,214,,,,
394,84.32046192570346,3,0.2488889,219,,,,
395,92.86456241912931,3,0.17777778,217,,,,
396,58.68356384566817,2,0.20444444,218,,,,
397,129.55995425035965,4,0.26666668,216,,,,
398,98.87366181461371,3,0.24,215,,,,
399,-23.450834985955893,3,0.12,226,,,,
400,19.3570540355717,3,0.14222223,220,,,,
401,123.91292443845782,5,0.26222223,218,,,,
402,91.33137765266005,6,0.19555555,220,,,,
403,-61.72067174793834,2,0.13333334,230,,,,
404,20.466142242653508,1,0.17777778,221,,,,
405,23.732302995922492,3,0.13777778,220,,,,
406,88.06944848540547,5,0.21777777,223,,,,
407,133.17425595024795,4,0.2888889,216,,,,
408,124.85473735700678,4,0.16444445,208,,,,
409,64.8191284513209,4,0.18222222,218,,,,
410,99.68093606445659,3,0.2488889,219,,,,
411,119.82104410339812,4,0.20444444,214,,,,
412,82.20332216204787,3,0.20444444,218,,,,
413,25.826470118848775,2,0.15555556,219,,,,
414,139.49942586196013,5,0.25777778,216,,,,
415,20.7687504304933,4,0.17777778,227,,,,
416,-1.224905355471091,3,0.12444445,221,,,,
417,85.75362947937349,3,0.2488889,221,,,,
418,67.3911290774897,4,0.17333333,217,,,,
419,41.88026946135475,1,0.15111111,217,,,,
420,56.490113962867774,2,0.15555556,214,,,,
421,-7.3419174932437095,3,0.16444445,227,,,,
422,82.70887485932585,2,0.20888889,215,,,,
423,141.95174435426006,3,0.22666667,211,,,,
424,158.90825915841955,4,0.26222223,210,,,,
425,25.089058571634965,1,0.12444445,215,,,,
426,108.97417734684056,2,0.2488889,216,,,,
427,65.25210360686302,3,0.18222222,219,,,,
428,187.4515395200204,4,0.26222223,207,,,,
429,8.142048925723163,1,0.13777778,217,,,,
430,-3.498422432846501,1,0.15555556,221,,,,
431,71.10229069700006,3,0.21777777,221,,,,
432,303.12296902381763,7,0.34666666,202,,,,
433,177.23292267456222,5,0.23555556,208,,,,
434,32.0638670672065,3,0.17777778,221,,,,
435,87.99336835152508,3,0.20888889,218,,,,
436,-1.5665601043872666,2,0.13333334,221,,,,
437,6.595294074937602,1,0.14666666,220,,,,
438,151.9505649192964,5,0.23555556,213,,,,
439,190.63731245110148,5,0.30222222,210,,,,
440,168.60367424330028,6,0.28444445,216,,,,
441,-74.16171682394643,1,0.12,227,,,,
442,55.563593583534015,4,0.2,223,,,,
443,-17.102738972685696,1,0.12444445,221,,,,
444,-9.82606214091663,1,0.17333333,223,,,,
445,129.75490539147472,5,0.2,212,,,,
446,-29.375975184333846,2,0.13333334,226,,,,
447,38.14447617507126,2,0.15111111,214,,,,
448,35.25271538535747,4,0.17333333,221,,,,
449,100.28117799581663,2,0.20888889,213,,,,
450,30.644841019182127,4,0.15111111,220,,,,
451,116.28280246254967,4,0.23111111,215,,,,
452,104.42100754851278,3,0.22666667,214,,,,
453,136.2592112436435,4,0.27555555,212,,,,
454,49.689469838171156,3,0.13777778,215,,,,
455,44.5495758776566,3,0.14222223,218,,,,
456,49.88307711094844,2,0.22222222,218,,,,
457,49.636394118454824,2,0.19555555,218,,,,
458,180.860566458411,5,0.27555555,214,,,,
459,169.70025021281685,5,0.27555555,212,,,,
460,-19.05006509065095,1,0.15111111,222,,,,
461,186.23656095155096,3,0.32,210,,,,
462,7.093943979047786,2,0.14222223,219,,,,
463,139.56912948951702,3,0.24,211,,,,
464,139.4445746594646,4,0.22666667,213,,,,
465,61.979036690474686,3,0.17777778,217,,,,
466,103.0102937398325,3,0.2,213,,,,
467,50.62137820635191,2,0.2,217,,,,
468,52.887940161297735,2,0.14222223,214,,,,
469,36.62359640443041,3,0.19555555,223,,,,
470,-0.9508221134052336,2,0.12888889,223,,,,
471,101.87257361673215,5,0.2488889,220,,,,
472,201.54823006366655,6,0.2888889,212,,,,
473,158.5779499319014,3,0.23111111,207,,,,
474,108.97963034350482,4,0.21333334,216,,,,
475,68.38564769609962,2,0.24444444,218,,,,
476,72.45254636305684,2,0.21333334,215,,,,
477,138.04812008065196,4,0.29777777,219,,,,
478,93.59598556422657,4,0.18666667,212,,,,
479,55.40878108333806,2,0.15111111,213,,,,
480,32.299412254658314,3,0.17333333,221,,,,
481,74.27792029306586,3,0.20888889,217,,,,
482,145.710725201782,5,0.2488889,212,,,,
483,68.48951445838583,2,0.23111111,219,,,,
484,103.59698817964706,3,0.24,219,,,,
485,155.75595489049155,4,0.32,218,,,,
486,225.14713564044982,4,0.2888889,203,,,,
487,67.41173768114727,3,0.24444444,219,,,,
488,95.5724738735398,2,0.18222222,211,,,,
489,142.882338485629,3,0.2711111,214,,,,
490,83.1813865645953,3,0.19555555,217,,,,
491,161.41550245475676,6,0.28444445,216,,,,
492,54.91518963006858,2,0.17333333,214,,,,
493,216.5975915666732,4,0.30666667,207,,,,
494,113.62395800934412,4,0.19555555,211,,,,
495,7.046769741035647,2,0.15555556,221,,,,
496,56.60794116932295,3,0.17333333,218,,,,
497,173.7248878413006,4,0.25777778,209,,,,
498,40.516857520200624,3,0.14222223,215,,,,
499,211.54884102269372,6,0.2488889,207,,,,
500,125.69452281866049,3,0.26222223,217,,,,
501,136.4584876290305,4,0.23111111,211,,,,
502,67.67131520407392,2,0.19555555,216,,,,
503,146.46105049978175,4,0.23111111,213,,,,
504,255.26896838265344,6,0.33777776,204,,,,
505,81.87550552237141,4,0.18666667,214,,,,
506,15.925350061890843,2,0.13333334,217,,,,
507,102.5587506218974,3,0.19111112,214,,,,
508,-16.612005466163698,3,0.11111111,222,,,,
509,-25.235980435759313,3,0.12,223,,,,
510,154.30277761206202,3,0.24,207,,,,
511,152.92058919226767,5,0.2711111,217,,,,
512,101.12911158380481,3,0.20888889,214,,,,
513,142.15132956553776,3,0.22666667,209,,,,
514,113.06024283861444,2,0.23111111,211,,,,
515,249.1315640310662,5,0.2888889,202,,,,
516,144.46923756048454,3,0.24,209,,,,
517,79.52173535247218,3,0.21333334,215,,,,
518,94.5260304195654,4,0.18222222,217,,,,
519,120.23372213389523,4,0.26666668,219,,,,
520,114.74686301833803,3,0.26666668,219,,,,
521,95.17869402492478,3,0.18666667,213,,,,
522,109.35521876647859,4,0.24444444,219,,,,
523,154.28364750445334,3,0.23111111,207,,,,
524,158.9528488160211,4,0.26666668,213,,,,
525,138.52393316587938,4,0.25777778,214,,,,
526,121.71399270682117,2,0.28444445,215,,,,
527,-38.641015737722746,1,0.11111111,223,,,,
528,44.31451923732744,2,0.18666667,219,,,,
529,31.241808337715508,3,0.19555555,223,,,,
530,-99.32040691967661,1,0.14666666,231,,,,
531,97.93029180907067,3,0.23555556,217,,,,
532,147.93530850129142,3,0.29777777,215,,,,
533,47.28470239922611,3,0.19111112,220,,,,
534,55.73039840703429,5,0.15555556,218,,,,
535,35.77877526008886,2,0.16888888,218,,,,
536,31.03797038062377,2,0.17777778,218,,,,
537,69.72715976699504,3,0.16888888,214,,,,
538,115.59841883178193,4,0.23555556,214,,,,
539,-24.88703017093178,1,0.14666666,222,,,,
540,6.277151944876019,2,0.15111111,222,,,,
541,16.560673983362285,2,0.16444445,224,,,,
542,129.07606235634097,4,0.28444445,218,,,,
543,132.63334261681626,4,0.22222222,212,,,,
544,-33.71641736712194,3,0.14666666,229,,,,
545,130.98932431221678,3,0.23555556,211,,,,
546,74.02445301389733,1,0.17333333,211,,,,
547,201.6322431236834,4,0.29777777,206,,,,
548,99.661286651164,2,0.26666668,218,,,,
549,198.8154711427895,4,0.30222222,207,,,,
550,10.618669205886006,1,0.11111111,213,,,,
551,79.81620696863375,2,0.21777777,214,,,,
552,43.79362262703916,3,0.17333333,221,,,,
553,4.32623081184113,3,0.115555555,220,,,,
554,77.25068368675696,3,0.2,216,,,,
555,95.18387613307081,3,0.19555555,213,,,,
556,-18.457578948543674,1,0.12,221,,,,
557,40.37688565984069,3,0.16,216,,,,
558,122.68745646382847,4,0.21333334,213,,,,
559,173.2913301593244,5,0.23555556,207,,,,
560,69.76938693522679,3,0.19111112,217,,,,
561,55.11766883177574,2,0.20888889,217,,,,
562,96.21651063602074,2,0.2488889,211,,,,
563,202.8534233147164,5,0.33333334,214,,,,
564,105.99579816342066,2,0.17333333,209,,,,
565,171.2522154241839,4,0.26222223,208,,,,
566,217.34590025480205,6,0.29777777,208,,,,
567,68.01714038178844,3,0.16444445,215,,,,
568,57.46364920022378,3,0.17333333,215,,,,
569,65.65632630119525,3,0.13777778,213,,,,
570,36.41020143780165,3,0.19111112,221,,,,
571,-14.93968515081251,2,0.10666667,221,,,,
572,-10.891307678444006,2,0.09777778,222,,,,
573,-41.93555859568439,2,0.115555555,222,,,,
574,81.72357729175484,3,0.21777777,218,,,,
575,62.414286502313075,3,0.14222223,211,,,,
576,70.80813585504104,3,0.22222222,218,,,,
577,98.61734281175893,3,0.23555556,217,,,,
578,42.85604180836787,3,0.2,222,,,,
579,68.16369100775194,3,0.18666667,215,,,,
580,44.33957974473192,2,0.15555556,215,,,,
581,146.76553807940843,4,0.24444444,210,,,,
582,120.56422438573132,5,0.21333334,218,,,,
583,145.61753041154273,4,0.2711111,214,,,,
584,101.72180401114782,4,0.19555555,212,,,,
585,154.91266183016378,4,0.24444444,210,,,,
586,203.2923967477725,5,0.26666668,209,,,,
587,66.01762334445692,3,0.16888888,213,,,,
588,-61.71453080713397,2,0.08444444,225,,,,
589,86.81337429274528,4,0.18666667,217,,,,
590,175.15058320700612,7,0.23555556,215,,,,
591,112.8344278013305,2,0.2,210,,,,
592,86.34943036379283,2,0.18666667,213,,,,
593,15.741446895490645,2,0.19555555,224,,,,
594,15.833470871963517,2,0.16888888,219,,,,
595,202.07096070754005,4,0.2711111,204,,,,
596,143.31871310512724,3,0.28444445,214,,,,
597,11.570801528931357,2,0.13777778,216,,,,
598,65.10186798210165,3,0.15111111,211,,,,
599,137.47949145785947,5,0.21333334,214,,,,
600,47.78916163188428,3,0.16888888,219,,,,
601,99.18285175161843,4,0.17333333,213,,,,
602,101.2277229441692,3,0.24444444,216,,,,
603,-12.617036102563013,1,0.15111111,219,,,,
604,69.59447773957659,3,0.16888888,215,,,,
605,61.95681011415045,4,0.2488889,224,,,,
606,13.794251064182772,1,0.16444445,218,,,,
607,4.974484371658961,1,0.13777778,220,,,,
608,239.74190770399807,6,0.30666667,205,,,,
609,92.81375597283395,3,0.2488889,218,,,,
610,225.1766247357201,5,0.26666668,203,,,,
611,101.0207603980679,5,0.20444444,219,,,,
612,139.07256715941537,3,0.19555555,207,,,,
613,-37.149348285373655,2,0.11111111,222,,,,
614,47.185757286999525,1,0.14666666,214,,,,
615,53.93958354023097,2,0.16888888,215,,,,
616,130.40099501855497,3,0.23555556,207,,,,
617,52.09498513791419,3,0.21777777,221,,,,
618,211.64770255798442,6,0.2888889,209,,,,
619,29.41510040853972,2,0.16444445,218,,,,
620,35.00993407393419,3,0.18222222,223,,,,
621,129.38155953230626,4,0.19555555,214,,,,
622,60.16306267076127,3,0.16,217,,,,
623,124.80308296535182,2,0.2,205,,,,
624,95.2466999293781,4,0.19555555,214,,,,
625,186.95111238668912,5,0.3511111,217,,,,
626,27.435671113356634,1,0.16888888,217,,,,
627,123.96497908771703,4,0.28444445,219,,,,
628,189.98720426528152,5,0.26666668,208,,,,
629,27.398409929851894,3,0.13777778,222,,,,
630,161.10392538307994,5,0.26222223,211,,,,
631,113.07570305300057,4,0.20888889,214,,,,
632,81.61567388970074,3,0.17777778,214,,,,
633,62.36948142030862,3,0.21333334,221,,,,
634,46.446810782143785,3,0.24444444,225,,,,
635,42.59099614197915,3,0.13777778,216,,,,
636,196.55070058529947,5,0.30222222,207,,,,
637,71.49127690317503,1,0.16888888,210,,,,
638,141.93002416683143,3,0.22222222,206,,,,
639,46.698096979008476,3,0.18666667,222,,,,
640,161.94960116378485,5,0.26666668,213,,,,
641,76.47021202309458,3,0.22666667,220,,,,
642,109.19944943578,3,0.27555555,219,,,,
643,168.636546861816,4,0.29777777,215,,,,
644,91.6415005225316,3,0.24,216,,,,
645,115.90286605624392,3,0.19555555,207,,,,
646,70.27348144502879,3,0.17333333,214,,,,
647,2.2468442634190624,2,0.16,223,,,,
648,2.088295645978803,3,0.18666667,225,,,,
649,172.47613772153952,5,0.25777778,212,,,,
650,49.91406519789026,3,0.20444444,222,,,,
651,64.51643516526244,3,0.18222222,215,,,,
652,73.65165128928986,4,0.13777778,214,,,,
653,77.2600891371517,3,0.2488889,220,,,,
654,14.382447913035394,2,0.18666667,226,,,,
655,56.73488559666875,2,0.18222222,215,,,,
656,151.93437143782313,4,0.24,211,,,,
657,87.99143566101685,5,0.23111111,220,,,,
658,147.9738277534668,4,0.23555556,210,,,,
659,61.63644627744444,4,0.19555555,220,,,,
660,154.475041101172,5,0.26222223,210,,,,
661,90.94305953961471,3,0.19555555,213,,,,
662,95.92783231786021,3,0.19111112,211,,,,
663,157.69952098802955,5,0.27555555,215,,,,
664,45.70802435001589,3,0.16888888,219,,,,
665,-43.0653554133719,1,0.13333334,225,,,,
666,132.8135172313927,4,0.26666668,216,,,,
667,119.93349495476824,4,0.22222222,214,,,,
668,95.47891096088163,4,0.25777778,219,,,,
669,212.13182014730597,4,0.30666667,206,,,,
670,117.11312588836459,2,0.19555555,208,,,,
671,20.836113684852226,2,0.16888888,216,,,,
672,57.02428463766276,2,0.16444445,213,,,,
673,123.13085815328442,3,0.25333333,215,,,,
674,95.35659257483047,3,0.19111112,214,,,,
675,131.14702221857056,4,0.26666668,213,,,,
676,158.39304667439495,6,0.28,216,,,,
677,68.1783573564333,4,0.20888889,220,,,,
678,158.7139669124925,3,0.26666668,211,,,,
679,106.71674389650094,4,0.2488889,216,,,,
680,57.214265686498905,2,0.18222222,217,,,,
681,124.53712647230843,2,0.23111111,212,,,,
682,93.07155579519257,4,0.18666667,215,,,,
683,160.68581753029562,5,0.25333333,214,,,,
684,-18.578527912905432,2,0.11111111,219,,,,
685,50.44758037288223,2,0.16,217,,,,
686,153.6462679802017,4,0.27555555,213,,,,
687,41.903070346530605,2,0.15111111,215,,,,
688,94.46872997848,3,0.15555556,213,,,,
689,-27.5156420699377,2,0.11111111,223,,,,
690,94.34414604746092,2,0.20444444,212,,,,
691,-64.28345445755089,1,0.10222222,225,,,,
692,100.9121989863282,3,0.2,212,,,,
693,131.83098600095758,5,0.22666667,215,,,,
694,127.30063563165463,5,0.20888889,215,,,,
695,93.48235955607885,4,0.22222222,216,,,,
696,138.27731861095515,5,0.25333333,217,,,,
697,176.40357824918274,4,0.28,212,,,,
698,35.49609524051027,1,0.16444445,217,,,,
699,163.30124417640963,4,0.24444444,207,,,,
700,-53.48030674227014,2,0.115555555,226,,,,
701,152.42516103931393,3,0.2711111,211,,,,
702,120.52103432097219,4,0.20888889,211,,,,
703,139.3745012529197,4,0.17333333,208,,,,
704,146.79046548121516,4,0.22666667,208,,,,
705,-2.144242128068192,0,0.13333334,216,,,,
706,4.023784254136414,2,0.16,224,,,,
707,75.25277460389665,4,0.20888889,220,,,,
708,233.2534087901474,6,0.25333333,204,,,,
709,183.18413210908156,5,0.2888889,212,,,,
710,192.06252537893835,4,0.29333332,208,,,,
711,202.79115520448417,6,0.29333332,210,,,,
712,88.86539552801901,3,0.21777777,215,,,,
713,258.3361917779266,6,0.33333334,208,,,,
714,176.9149989530726,5,0.25333333,209,,,,
715,276.9943344472522,6,0.33333334,204,,,,
716,88.06198873002317,3,0.19555555,213,,,,
717,138.50117463425585,3,0.25333333,209,,,,
718,72.60642905951738,1,0.20444444,214,,,,
719,98.80677265280967,4,0.23111111,218,,,,
720,-4.690066478234577,3,0.20444444,226,,,,
721,39.731569863297295,2,0.14222223,214,,,,
722,53.959736317406055,1,0.18666667,215,,,,
723,189.92127156126674,3,0.3288889,208,,,,
724,73.33838323179485,2,0.17333333,215,,,,
725,96.31791669485384,4,0.21777777,216,,,,
726,211.52057448204565,6,0.29777777,210,,,,
727,185.24566814595735,5,0.27555555,211,,,,
728,57.63919251288119,2,0.12444445,209,,,,
729,154.55423576901444,4,0.28444445,211,,,,
730,152.21178112351402,4,0.20888889,206,,,,
731,63.13500312948419,3,0.16,215,,,,
732,120.584843437066,3,0.17333333,207,,,,
733,207.25610035944857,4,0.32,208,,,,
734,123.29245087060127,3,0.24,209,,,,
735,87.8640163099023,4,0.20444444,216,,,,
736,73.99237410977815,3,0.17777778,217,,,,
737,186.88908183296007,4,0.22222222,206,,,,
738,64.9439884815854,3,0.18666667,219,,,,
739,-5.2162993134052895,2,0.14222223,223,,,,
740,195.23121610523097,4,0.2711111,208,,,,
741,91.7301482408777,4,0.20444444,215,,,,
742,90.14166593617392,3,0.16,211,,,,
743,165.0454028056293,5,0.23111111,211,,,,
744,154.45010672968635,4,0.2,207,,,,
745,138.02835374370588,4,0.2488889,214,,,,
746,147.23175613368375,4,0.24444444,213,,,,
747,48.58511168580603,3,0.15111111,216,,,,
748,121.57743184571594,4,0.20888889,212,,,,
749,61.9585168531705,3,0.17777778,219,,,,
750,168.61556101209982,3,0.2711111,209,,,,
751,144.4641544803474,3,0.22666667,207,,,,
752,62.9355061662316,3,0.16888888,214,,,,
753,-51.06094764595495,2,0.09777778,223,,,,
754,81.85349745504965,2,0.19555555,216,,,,
755,58.92925327031115,3,0.16888888,219,,,,
756,223.5534619169783,6,0.3288889,212,,,,
757,101.70183644215872,2,0.25333333,215,,,,
758,205.19922613197429,5,0.34666666,212,,,,
759,103.53444032385468,3,0.21333334,215,,,,
760,123.6982659216792,2,0.25777778,214,,,,
761,170.1428126290588,4,0.22666667,207,,,,
762,145.61234487852767,3,0.2488889,209,,,,
763,156.20589387853,3,0.26666668,214,,,,
764,70.52853110944493,2,0.20888889,219,,,,
765,3.921671721709038,2,0.115555555,220,,,,
766,144.40598692125204,3,0.20888889,207,,,,
767,85.05797507447033,4,0.22222222,216,,,,
768,157.00580874383726,4,0.20888889,206,,,,
769,201.69650696716118,5,0.32444444,211,,,,
770,98.56642524040114,3,0.21333334,213,,,,
771,102.2642539416462,3,0.26222223,215,,,,
772,61.93273013607436,2,0.16888888,212,,,,
773,60.89013437611171,2,0.14666666,212,,,,
774,116.76837987805676,3,0.26222223,217,,,,
775,157.47313277121174,4,0.23555556,212,,,,
776,-4.124163069879065,2,0.16,223,,,,
777,91.3115384892589,4,0.12888889,208,,,,
778,190.75141640135286,5,0.25777778,207,,,,
779,86.58414028737083,3,0.23111111,217,,,,
780,184.5439322999224,4,0.25333333,207,,,,
781,92.7293067822134,3,0.21333334,213,,,,
782,136.07492278643963,4,0.22222222,211,,,,
783,207.49129313005673,6,0.28444445,213,,,,
784,100.64305337510643,4,0.19555555,213,,,,
785,139.70023010919687,3,0.25333333,212,,,,
786,132.60981584717845,3,0.26222223,215,,,,
787,232.53775890334282,5,0.32,207,,,,
788,52.19809938355841,2,0.13333334,212,,,,
789,150.5418689627231,5,0.19555555,209,,,,
790,138.83625430185,4,0.21333334,207,,,,
791,38.88191964682538,3,0.18666667,218,,,,
792,148.6487133868831,2,0.2711111,208,,,,
793,17.827878889903033,2,0.19111112,222,,,,
794,46.228617775409404,3,0.18666667,220,,,,
795,191.37843153707448,4,0.23111111,202,,,,
796,43.18075505332766,2,0.21333334,220,,,,
797,-18.540167516138606,1,0.115555555,221,,,,
798,67.82159204211642,3,0.19111112,217,,,,
799,289.5523781277234,6,0.33333334,202,,,,
800,73.61230689215164,2,0.23555556,218,,,,
801,111.26114453088893,2,0.21777777,211,,,,
802,110.57340047156501,3,0.29333332,218,,,,
803,92.90509550440204,3,0.17777778,209,,,,
804,143.77370012011448,3,0.18666667,203,,,,
805,176.73656441069977,6,0.2488889,212,,,,
806,14.371622336605386,3,0.14222223,219,,,,
807,188.65147205786835,4,0.26222223,205,,,,
808,109.27845993422352,3,0.16444445,207,,,,
809,164.79402639364474,4,0.26666668,210,,,,
810,200.62677475741123,4,0.29333332,206,,,,
811,147.55654779377844,4,0.27555555,213,,,,
812,126.45959709024474,2,0.20444444,207,,,,
813,219.37732753476243,4,0.3511111,211,,,,
814,153.32831179729192,4,0.25333333,212,,,,
815,99.6693595107365,3,0.2,213,,,,
816,62.15488682071526,3,0.20888889,217,,,,
817,80.84086791338184,1,0.16,209,,,,
818,208.2432068854156,5,0.2488889,204,,,,
819,205.58120245348113,6,0.2888889,212,,,,
820,177.411364848377,3,0.31555554,209,,,,
821,124.3746905282248,3,0.2,209,,,,
822,65.55275040024542,3,0.12888889,213,,,,
823,264.9552634887827,7,0.32,207,,,,
824,96.12691229453395,2,0.18666667,212,,,,
825,201.6451245198204,4,0.25777778,202,,,,
826,97.19396534990848,3,0.16888888,209,,,,
827,105.30338016767935,2,0.22222222,213,,,,
828,218.50018711607345,4,0.28,201,,,,
829,174.06452019093354,4,0.24,206,,,,
830,131.36281984286163,5,0.21333334,215,,,,
831,143.04653866130266,4,0.21777777,210,,,,
832,168.39862196092446,5,0.25777778,209,,,,
833,23.881494636105053,2,0.14666666,220,,,,
834,31.7146771351999,1,0.15111111,214,,,,
835,100.69542058828037,3,0.20444444,213,,,,
836,150.6886825030673,4,0.23555556,209,,,,
837,187.5567730378774,6,0.22666667,208,,,,
838,79.68975655294973,3,0.19555555,215,,,,
839,179.305809449578,4,0.31111112,212,,,,
840,124.39842154022699,3,0.21777777,206,,,,
841,247.5046972483506,6,0.31111112,207,,,,
842,125.38753218022796,3,0.20444444,209,,,,
843,198.88575808580617,4,0.24444444,200,,,,
844,153.70675667424766,4,0.24,209,,,,
845,190.38761320704046,4,0.2488889,207,,,,
846,14.454264988975057,1,0.17333333,219,,,,
847,-32.73623318556902,2,0.15111111,225,,,,
848,197.95644938354036,4,0.2488889,204,,,,
849,182.84114922331867,3,0.3288889,213,,,,
850,96.25425004038233,2,0.2,212,,,,
851,128.84554450516404,3,0.18222222,207,,,,
852,101.06110054188986,3,0.16888888,210,,,,
853,117.82654722906713,3,0.2,210,,,,
854,104.26952473109581,3,0.2,213,,,,
855,48.69261525227821,2,0.13777778,212,,,,
856,115.51132837628204,3,0.19555555,207,,,,
857,120.79794199175237,3,0.22666667,213,,,,
858,96.31288733888586,2,0.19111112,211,,,,
859,56.391676599451515,2,0.20444444,217,,,,
860,251.58894232539203,7,0.32,210,,,,
861,101.15190753357065,3,0.17777778,210,,,,
862,241.5790798747043,5,0.33333334,209,,,,
863,137.4251224423566,3,0.21333334,208,,,,
864,108.23945885712648,3,0.21333334,213,,,,
865,86.70526687853543,3,0.23111111,217,,,,
866,47.0169099701383,2,0.16,218,,,,
867,135.08719011909386,4,0.18222222,206,,,,
868,119.92330620311957,4,0.24,215,,,,
869,191.537393496729,5,0.2711111,207,,,,
870,127.71607692906613,4,0.17333333,208,,,,
871,109.5629461767379,2,0.20888889,212,,,,
872,250.0915006869614,7,0.28,205,,,,
873,74.66107074181369,3,0.17333333,213,,,,
874,157.11356726330013,4,0.22222222,209,,,,
875,208.0282243347659,6,0.23111111,207,,,,
876,132.6436366300845,4,0.26666668,213,,,,
877,164.0518630088338,5,0.25777778,212,,,,
878,13.924494247972797,1,0.14222223,219,,,,
879,98.75888228511451,4,0.16444445,212,,,,
880,68.78511259823142,2,0.16,211,,,,
881,146.96058139420438,3,0.27555555,214,,,,
882,149.04519160465384,3,0.21777777,205,,,,
883,194.20344099425387,4,0.2888889,210,,,,
884,69.81642975343539,3,0.2,218,,,,
885,198.28125444719635,5,0.28,207,,,,
886,158.04809811372448,4,0.24,206,,,,
887,135.18502769836005,5,0.17777778,207,,,,
888,27.485702811116525,3,0.10222222,213,,,,
889,157.2221170655004,4,0.2488889,210,,,,
890,98.34319276175233,3,0.18222222,210,,,,
891,76.15496240678767,2,0.19555555,214,,,,
892,222.1841004404258,4,0.31111112,203,,,,
893,53.77138729396204,2,0.15555556,216,,,,
894,88.35104913870214,2,0.17777778,208,,,,
895,174.75315178440852,4,0.25333333,209,,,,
896,114.70376168649551,2,0.25333333,213,,,,
897,186.81389693160048,4,0.30222222,209,,,,
898,189.71973313140012,4,0.2888889,208,,,,
899,97.65849084238114,3,0.19111112,212,,,,
900,144.80385814148295,4,0.28444445,216,,,,
901,96.2260387402958,3,0.18666667,213,,,,
902,194.50115354470924,4,0.23555556,205,,,,
903,94.42975296432807,3,0.21333334,214,,,,
904,78.11147902198074,3,0.2,214,,,,
905,201.3862504501112,4,0.28,206,,,,
906,143.34612692936975,3,0.23111111,208,,,,
907,134.9975769849405,3,0.24,210,,,,
908,213.1476059762225,6,0.28,210,,,,
909,178.51331874529032,4,0.29777777,208,,,,
910,231.5479662807449,6,0.28444445,205,,,,
911,125.26541743480195,3,0.20888889,210,,,,
912,83.66008748941299,3,0.21777777,219,,,,
913,121.10616819696979,3,0.22666667,213,,,,
914,135.38804052471014,4,0.19555555,211,,,,
915,-0.052244012422440214,2,0.13777778,222,,,,
916,181.53134578399514,3,0.25777778,203,,,,
917,112.9285242521206,4,0.24,216,,,,
918,66.42430729473614,3,0.16444445,218,,,,
919,151.19925042812335,4,0.19111112,208,,,,
920,103.43231171385655,2,0.22666667,212,,,,
921,130.89309769228814,3,0.21333334,208,,,,
922,93.55574904257446,2,0.20444444,214,,,,
923,231.37152047925136,6,0.3288889,211,,,,
924,135.99060901871235,3,0.18222222,205,,,,
925,163.09844390142518,3,0.29333332,213,,,,
926,250.4423497820781,5,0.29777777,201,,,,
927,177.08778751069872,5,0.31555554,217,,,,
928,29.82980965439575,3,0.09777778,217,,,,
929,201.16123708212618,4,0.26666668,202,,,,
930,182.2685906008242,3,0.28444445,209,,,,
931,36.85974994757982,3,0.17333333,221,,,,
932,221.16538126228392,5,0.2711111,206,,,,
933,194.13421360697487,3,0.33333334,211,,,,
934,145.43530600529252,3,0.22222222,209,,,,
935,144.21205896059593,4,0.26222223,215,,,,
936,21.675955193975987,1,0.16444445,219,,,,
937,63.85234399602108,2,0.16444445,212,,,,
938,130.31856941421017,2,0.21777777,207,,,,
939,57.041403919307136,2,0.21777777,221,,,,
940,123.81461120739587,3,0.19555555,209,,,,
941,231.62673586659218,4,0.32444444,203,,,,
942,159.84940342533525,3,0.23111111,205,,,,
943,263.68778313170554,6,0.31111112,203,,,,
944,111.40251725726843,3,0.23555556,215,,,,
945,179.91582330269165,3,0.2488889,205,,,,
946,145.79010947402512,4,0.2,209,,,,
947,121.59870726666684,3,0.19111112,206,,,,
948,72.80654623001183,4,0.17777778,218,,,,
949,194.07398554222127,4,0.24,204,,,,
950,54.521261671719245,1,0.19111112,213,,,,
951,75.01927849992009,3,0.17777778,216,,,,
952,197.15928517887707,4,0.30666667,210,,,,
953,230.99760963076622,5,0.30222222,205,,,,
954,112.50131860813853,3,0.21777777,211,,,,
955,67.28098346275611,3,0.16,214,,,,
956,203.97687572765298,4,0.23555556,200,,,,
957,124.92819586882685,3,0.24444444,211,,,,
958,42.26394343244599,4,0.18222222,221,,,,
959,218.8061221811337,6,0.2888889,208,,,,
960,256.0731858168901,4,0.31111112,200,,,,
961,19.742202801646087,2,0.12,218,,,,
962,210.08491321926886,5,0.26222223,205,,,,
963,236.00942978663224,4,0.3422222,206,,,,
964,240.6316574119264,5,0.32,207,,,,
965,138.97039889992584,4,0.22666667,212,,,,
966,187.9924838756471,5,0.24444444,208,,,,
967,15.51429046606445,3,0.12,215,,,,
968,125.76634328283063,3,0.22222222,209,,,,
969,267.0401572841986,6,0.32444444,204,,,,
970,248.49088370767373,7,0.26222223,204,,,,
971,182.11180972364966,5,0.24444444,210,,,,
972,223.9676969439924,5,0.26222223,202,,,,
973,198.67526567582996,3,0.24,201,,,,
974,92.68057166758082,1,0.19555555,209,,,,
975,292.3598637325442,7,0.30222222,198,,,,
976,212.3596554391597,5,0.25333333,202,,,,
977,256.69002867938383,6,0.31555554,203,,,,
978,233.948988967313,4,0.2888889,202,,,,
979,175.9229954326021,4,0.20888889,204,,,,
980,158.4344342766473,3,0.2711111,212,,,,
981,254.733286948098,5,0.29333332,199,,,,
982,100.22545832038041,2,0.22222222,211,,,,
983,339.6318829581813,7,0.37333333,199,,,,
984,135.65447952871955,2,0.25333333,210,,,,
985,190.85911333850393,4,0.26222223,206,,,,
986,225.9616256114487,5,0.25777778,200,,,,
987,161.95808389696373,5,0.22222222,210,,,,
988,222.5999634737901,5,0.24,199,,,,
989,260.0548291556472,5,0.31111112,201,,,,
990,294.80094353793737,8,0.29333332,200,,,,
991,154.17875712104453,3,0.20444444,204,,,,
992,244.76286132024768,4,0.28444445,199,,,,
993,172.10317053615378,4,0.25333333,208,,,,
994,180.8564662387099,4,0.26666668,207,,,,
995,156.12889675042257,3,0.26666668,208,,,,
996,221.00746276585932,5,0.32444444,208,,,,
997,272.0720315621492,5,0.32444444,200,,,,
998,208.11360618854778,5,0.27555555,208,,,,
999,175.36445902081368,3,0.22222222,202,,,,
1000,269.9470226800329,5,0.36888888,209,,,,
1001,260.17500224653764,4,0.33333334,201,,,,
1002,212.26836332629534,4,0.2488889,200,,,,
1003,193.07880113891972,4,0.26666668,206,,,,
1004,148.9502678760123,3,0.17777778,203,,,,
1005,172.62963275407304,3,0.19555555,199,,,,
1006,51.96033063258832,1,0.20444444,217,,,,
1007,214.03316355139972,5,0.25777778,202,,,,
1008,-16.865317107248043,2,0.093333334,222,,,,
1009,230.15487724378283,5,0.28,204,,,,
1010,221.89567640054406,4,0.29333332,202,,,,
1011,253.17604941585319,5,0.2888889,197,,,,
1012,161.54176044412824,4,0.24444444,209,,,,
1013,191.29090087147353,5,0.23555556,201,,,,
1014,228.38895962283135,4,0.2888889,204,,,,
1015,223.89162280096815,5,0.33333334,211,,,,
1016,166.81142263101495,5,0.22222222,208,,,,
1017,144.28686731194594,4,0.23111111,211,,,,
1018,175.36382728956366,3,0.24444444,204,,,,
1019,-30.225915518002317,2,0.16,224,,,,
1020,25.663723027176907,2,0.115555555,217,,,,
1021,56.41923678176229,3,0.16,216,,,,
1022,185.80684702996174,4,0.27555555,207,,,,
1023,197.4954178863822,5,0.29777777,209,,,,
1024,152.96381434172534,5,0.21777777,213,,,,
1025,37.10899079729545,5,0.20444444,231,,,,
1026,204.2720485488334,5,0.31555554,209,,,,
1027,263.0328906238157,6,0.29777777,202,,,,
1028,168.17881528584945,3,0.32,213,,,,
1029,-35.8411756829917,3,0.12444445,227,,,,
1030,189.17125279449695,4,0.2488889,205,,,,
1031,215.59685409386657,4,0.26222223,201,,,,
1032,219.66204447284,6,0.28,208,,,,
1033,60.84568165863489,3,0.14666666,216,,,,
1034,188.43094327034666,3,0.2888889,208,,,,
1035,257.7369949975419,6,0.29777777,202,,,,
1036,101.98740192513715,5,0.24444444,219,,,,
1037,217.59252370101206,3,0.3288889,207,,,,
1038,114.72554217078635,4,0.20444444,214,,,,
1039,196.9177723074063,3,0.31555554,208,,,,
1040,169.5211955908709,3,0.26666668,206,,,,
1041,171.08363737755926,4,0.28,209,,,,
1042,222.45804523105525,6,0.25777778,207,,,,
1043,170.10008394834804,3,0.2488889,204,,,,
1044,142.07934704117218,4,0.20888889,209,,,,
1045,166.5617339388542,4,0.21777777,207,,,,
1046,102.77806352728894,4,0.16444445,212,,,,
1047,245.83835342727406,5,0.33333334,208,,,,
1048,79.81812152259143,1,0.17777778,210,,,,
1049,236.04815547125577,5,0.28,203,,,,
1050,167.50150960616648,3,0.2488889,207,,,,
1051,272.7869959359153,6,0.27555555,198,,,,
1052,130.81193500806353,4,0.21777777,211,,,,
1053,60.905382824912884,4,0.22666667,222,,,,
1054,45.46704727630607,1,0.16444445,212,,,,
1055,149.32615418595879,4,0.20888889,206,,,,
1056,232.30104664516682,2,0.35555556,204,,,,
1057,189.2785780216264,4,0.23555556,204,,,,
1058,58.07488702795704,2,0.12,212,,,,
1059,180.9156783660629,4,0.23555556,204,,,,
1060,85.7623323994718,4,0.24,221,,,,
1061,267.68231081045377,5,0.31555554,200,,,,
1062,192.4685638250936,4,0.26666668,206,,,,
1063,181.34170057484675,4,0.25777778,209,,,,
1064,229.07209840381293,4,0.33777776,208,,,,
1065,277.1514224392441,6,0.33777776,204,,,,
1066,54.99624763858655,3,0.20444444,220,,,,
1067,162.2171800638463,4,0.26222223,210,,,,
1068,197.22374478724103,3,0.26666668,204,,,,
1069,215.56888249331965,4,0.29777777,206,,,,
1070,122.4804576114647,4,0.21777777,211,,,,
1071,277.7469492524117,6,0.3288889,203,,,,
1072,128.3712349904088,4,0.19111112,210,,,,
1073,232.80621354668034,6,0.26222223,203,,,,
1074,219.15416414336534,3,0.30222222,201,,,,
1075,229.58503036240631,4,0.2888889,201,,,,
1076,158.73452249149844,2,0.24,204,,,,
1077,353.05869940161614,9,0.36888888,200,,,,
1078,113.88112478892096,3,0.22666667,213,,,,
1079,85.48991885037046,3,0.20444444,212,,,,
1080,271.30022707515656,5,0.32,201,,,,
1081,300.67931891412803,6,0.3288889,199,,,,
1082,74.375383522673,3,0.16444445,214,,,,
1083,91.2560806625984,2,0.16444445,209,,,,
1084,145.9651259876908,3,0.19111112,205,,,,
1085,198.26818432296454,4,0.28,207,,,,
1086,143.71511303134912,4,0.20444444,209,,,,
1087,81.7610420902622,3,0.17333333,213,,,,
1088,102.30106862076403,5,0.2,215,,,,
1089,248.5967145652239,5,0.28444445,200,,,,
1090,196.56595688846522,4,0.2888889,208,,,,
1091,148.73595286970098,3,0.2488889,208,,,,
1092,316.0581528340019,7,0.33333334,199,,,,
1093,154.75751066742893,5,0.2,210,,,,
1094,146.493172239806,2,0.22222222,204,,,,
1095,203.8637582135869,5,0.28444445,207,,,,
1096,141.2190216760127,3,0.23555556,209,,,,
1097,143.70129406316795,4,0.24444444,214,,,,
1098,305.92526194942013,5,0.38666666,201,,,,
1099,288.0065648889972,6,0.3511111,201,,,,
1100,134.87956309043508,4,0.25777778,215,,,,
1101,185.49516334197344,5,0.21777777,205,,,,
1102,81.49322833549195,2,0.19555555,212,,,,
1103,237.6489906227206,5,0.29777777,205,,,,
1104,90.30788352969768,2,0.17777778,212,,,,
1105,155.81426804841524,3,0.25777778,209,,,,
1106,234.7118056643391,5,0.26222223,200,,,,
1107,146.87180502500496,3,0.17777778,203,,,,
1108,232.13982294804512,5,0.32444444,209,,,,
1109,240.8149272640385,5,0.28444445,202,,,,
1110,90.22037035754539,3,0.15555556,210,,,,
1111,239.71416217794427,5,0.29777777,201,,,,
1112,200.69955875745225,4,0.32444444,210,,,,
1113,243.52677439627317,4,0.32444444,203,,,,
1114,155.34564110418532,4,0.19555555,206,,,,
1115,96.6050317398622,3,0.23111111,216,,,,
1116,69.75964786574497,3,0.14666666,213,,,,
1117,234.6655776611006,6,0.26666668,204,,,,
1118,132.48324282573762,2,0.23111111,207,,,,
1119,169.13398228959008,5,0.22666667,207,,,,
1120,179.09530152706805,4,0.25777778,208,,,,
1121,185.07658446743068,2,0.29333332,204,,,,
1122,161.58723078348527,3,0.28,212,,,,
1123,218.55103621895697,4,0.29333332,203,,,,
1124,155.13984765356616,4,0.2488889,209,,,,
1125,141.80401446784242,4,0.25777778,214,,,,
1126,97.9908100733309,3,0.20444444,214,,,,
1127,217.8301897136017,5,0.28444445,206,,,,
1128,214.5743967335622,5,0.3422222,211,,,,
1129,109.03387582015438,2,0.22666667,211,,,,
1130,247.36615426512202,6,0.27555555,202,,,,
1131,215.72455509135673,5,0.31111112,211,,,,
1132,189.26766355929493,5,0.2711111,209,,,,
1133,158.69852687478917,4,0.26222223,211,,,,
1134,133.4603534766182,4,0.24,211,,,,
1135,113.02209315335463,3,0.18666667,210,,,,
1136,219.44212140921533,4,0.29777777,206,,,,
1137,77.61620710832717,2,0.17333333,212,,,,
1138,267.0927231347355,6,0.27555555,198,,,,
1139,185.09007584936722,3,0.24,201,,,,
1140,133.96230236479587,3,0.21777777,209,,,,
1141,208.7660964293261,3,0.27555555,201,,,,
1142,144.6563871191686,3,0.24,209,,,,
1143,136.41402901191537,3,0.19555555,205,,,,
1144,73.35090953971054,3,0.13777778,211,,,,
1145,136.01196007774013,2,0.22666667,207,,,,
1146,268.95792068193197,4,0.36888888,204,,,,
1147,32.50037170205885,1,0.15111111,215,,,,
1148,209.16384880870257,6,0.28,210,,,,
1149,197.69060953609699,4,0.2711111,209,,,,
1150,226.0660102589061,5,0.24444444,200,,,,
1151,230.52211714658344,7,0.2888889,208,,,,
1152,151.15388206367072,4,0.2711111,211,,,,
1153,139.74636112355873,2,0.27555555,210,,,,
1154,259.64831474739907,6,0.28444445,199,,,,
1155,129.71041758659723,2,0.25333333,212,,,,
1156,179.06974600840002,6,0.24,208,,,,
1157,145.34834958660605,5,0.2488889,213,,,,
1158,57.587202951096906,1,0.14222223,207,,,,
1159,296.29334920209214,7,0.30222222,198,,,,
1160,258.58874001425175,7,0.25333333,202,,,,
1161,208.63219271342712,4,0.2711111,203,,,,
1162,192.41938009983568,5,0.22222222,203,,,,
1163,213.81686927969037,4,0.2488889,200,,,,
1164,254.50645612617635,5,0.27555555,198,,,,
1165,203.47088146023714,4,0.29777777,206,,,,
1166,155.55719595389812,4,0.23111111,209,,,,
1167,161.42739530343897,4,0.22222222,207,,,,
1168,211.75559571774136,4,0.32444444,210,,,,
1169,237.366912787885,6,0.30222222,206,,,,
1170,182.9512721018816,4,0.21777777,202,,,,
1171,186.0903410755828,3,0.2888889,207,,,,
1172,196.19445242432533,3,0.2888889,204,,,,
1173,163.77931355911377,2,0.24,203,,,,
1174,80.60510739439431,3,0.19555555,215,,,,
1175,213.34614341763748,4,0.26666668,202,,,,
1176,185.76461231921851,3,0.27555555,204,,,,
1177,312.3291010428166,7,0.32444444,198,,,,
1178,221.12488477441724,5,0.26222223,203,,,,
1179,288.7963166473121,6,0.32,200,,,,
1180,53.52153998379487,3,0.14666666,215,,,,
1181,103.2912453391515,4,0.24,219,,,,
1182,237.56353326649375,3,0.31555554,201,,,,
1183,47.95686007424088,3,0.21333334,220,,,,
1184,245.37842728630895,5,0.2888889,201,,,,
1185,241.80801154254786,5,0.31555554,204,,,,
1186,26.504612914210664,3,0.16888888,223,,,,
1187,123.21415951455145,3,0.20444444,211,,,,
1188,247.6955478828345,5,0.26666668,200,,,,
1189,139.82703678374563,2,0.24444444,208,,,,
1190,160.47486513772722,4,0.24,208,,,,
1191,323.7435292076916,8,0.3422222,201,,,,
1192,95.77199302293644,3,0.18222222,211,,,,
1193,190.72883598975884,5,0.2888889,211,,,,
1194,145.1493433999211,3,0.24444444,209,,,,
1195,128.6072664929278,4,0.22666667,212,,,,
1196,62.813514724245884,2,0.16,213,,,,
1197,169.65368168244552,6,0.24444444,212,,,,
1198,159.73408838423833,3,0.21333334,204,,,,
1199,211.6590671866227,5,0.28,207,,,,
1200,108.05263383022817,4,0.18666667,212,,,,
1201,216.52574254423013,4,0.24444444,200,,,,
1202,189.61614156222626,5,0.22666667,206,,,,
1203,247.04677077544451,6,0.32444444,207,,,,
1204,187.08905573869282,4,0.24444444,206,,,,
1205,181.82431136679824,5,0.24,207,,,,
1206,204.7600208425082,4,0.2488889,200,,,,
1207,246.17296450297508,5,0.2888889,201,,,,
1208,99.64119014167687,2,0.18666667,210,,,,
1209,221.85135370960873,4,0.34666666,212,,,,
1210,173.20319605573755,4,0.26222223,209,,,,
1211,95.93809067824712,2,0.20444444,208,,,,
1212,127.14750781702303,3,0.20888889,208,,,,
1213,201.40948410827713,5,0.30222222,211,,,,
1214,104.63633900499313,3,0.20444444,212,,,,
1215,135.78114391213026,4,0.24444444,215,,,,
1216,140.45222661120962,4,0.18666667,207,,,,
1217,59.486958168341616,2,0.18666667,213,,,,
1218,161.36260956233994,3,0.2711111,210,,,,
1219,177.92844826088466,3,0.27555555,207,,,,
1220,231.51091010662796,4,0.2488889,197,,,,
1221,202.67249946067565,4,0.25777778,205,,,,
1222,228.8878341865613,4,0.33333334,205,,,,
1223,105.55112600740068,3,0.25333333,215,,,,
1224,268.1092339235985,6,0.32444444,202,,,,
1225,150.85880326481515,3,0.25333333,209,,,,
1226,231.02316908981052,4,0.37777779,209,,,,
1227,224.2789036872548,4,0.32,204,,,,
1228,184.8331898948591,3,0.29777777,206,,,,
1229,143.14578917137797,3,0.21333334,208,,,,
1230,195.8926006498744,6,0.26666668,211,,,,
1231,223.45210113342162,3,0.29333332,201,,,,
1232,272.11459667802194,5,0.3511111,203,,,,
1233,202.30823957251397,5,0.28,206,,,,
1234,252.27671838982926,6,0.29777777,206,,,,
1235,213.13800636741436,3,0.31555554,203,,,,
1236,219.76150058520713,5,0.3288889,209,,,,
1237,139.47477925632782,2,0.23111111,208,,,,
1238,222.4638836815295,3,0.3288889,206,,,,
1239,190.83333262820258,4,0.28444445,207,,,,
1240,136.9827415517131,3,0.20888889,207,,,,
1241,203.7926895610781,3,0.31555554,206,,,,
1242,215.1452360020273,4,0.2888889,206,,,,
1243,166.6834604711309,6,0.26666668,218,,,,
1244,204.1791879304793,5,0.27555555,207,,,,
1245,256.0090207536465,5,0.3422222,207,,,,
1246,195.97257650839174,5,0.25777778,205,,,,
1247,107.17606053775566,4,0.20888889,217,,,,
1248,245.62131142199857,4,0.30666667,199,,,,
1249,152.27993439441804,5,0.21333334,207,,,,
1250,180.60009789831867,6,0.30666667,216,,,,
1251,174.0974843031566,4,0.24444444,207,,,,
1252,253.91956386786055,4,0.36,205,,,,
1253,293.16784782080856,5,0.37777779,203,,,,
1254,185.48101090250356,3,0.2888889,205,,,,
1255,221.93840177231743,4,0.28,202,,,,
1256,228.76233651285676,5,0.29777777,206,,,,
1257,232.94181197284507,4,0.28444445,200,,,,
1258,218.92114955377986,5,0.32444444,210,,,,
1259,159.2014126463868,3,0.24444444,206,,,,
1260,240.89236552610967,5,0.30222222,201,,,,
1261,217.82461079377143,5,0.28444445,205,,,,
1262,236.42494562423758,5,0.33777776,208,,,,
1263,258.61687862277114,5,0.31111112,201,,,,
1264,191.397895936735,4,0.24444444,202,,,,
1265,187.25393653265556,3,0.2711111,205,,,,
1266,244.27170408748023,5,0.33777776,207,,,,
1267,196.28328529802383,4,0.24444444,203,,,,
1268,316.3034384900222,6,0.35555556,198,,,,
1269,187.126417374217,3,0.2888889,207,,,,
1270,218.7560729776489,5,0.28,204,,,,
1271,231.1421642919364,5,0.32444444,209,,,,
1272,169.8681558138352,5,0.21333334,206,,,,
1273,245.1521881380817,5,0.29777777,201,,,,
1274,256.56660543600645,7,0.29777777,204,,,,
1275,216.28660443235918,4,0.25333333,200,,,,
1276,66.45022814069623,2,0.14666666,210,,,,
1277,174.47738317891387,5,0.21333334,208,,,,
1278,59.4954898057791,2,0.14666666,214,,,,
1279,253.28908115886634,4,0.3422222,202,,,,
1280,203.60680093131342,5,0.25777778,205,,,,
1281,205.13989570921458,4,0.29333332,208,,,,
1282,283.0780807406605,6,0.3288889,201,,,,
1283,245.92237850005665,6,0.28,206,,,,
1284,152.08166663360154,3,0.2488889,207,,,,
1285,91.51844323041406,0,0.19555555,207,,,,
1286,220.63782293004573,6,0.30666667,209,,,,
1287,144.71323596039971,5,0.24444444,215,,,,
1288,101.14888345020327,5,0.26666668,225,,,,
1289,122.91903981243605,3,0.25777778,213,,,,
1290,181.48064006101495,4,0.24,206,,,,
1291,89.63382371484052,2,0.20444444,209,,,,
1292,152.5683396637578,3,0.22666667,206,,,,
1293,277.23993651147435,6,0.34666666,207,,,,
1294,243.51930591320848,6,0.29777777,205,,,,
1295,187.92787240062378,4,0.26222223,206,,,,
1296,268.9894151347431,5,0.35555556,202,,,,
1297,207.08103728707164,4,0.29777777,208,,,,
1298,208.71605975209425,5,0.24444444,204,,,,
1299,159.58454676446408,3,0.19111112,201,,,,
1300,25.198696364351463,2,0.16,220,,,,
1301,168.51700891482332,4,0.21777777,206,,,,
1302,224.16228986246549,4,0.28,201,,,,
1303,225.1016064101831,5,0.28444445,205,,,,
1304,230.8652144295805,6,0.30222222,208,,,,
1305,248.46125525036948,7,0.29777777,206,,,,
1306,176.23829555006654,4,0.24,206,,,,
1307,267.8506022650397,6,0.3288889,203,,,,
1308,220.67219470774992,5,0.28444445,203,,,,
1309,154.1257435907295,4,0.21333334,208,,,,
1310,171.15548110649732,3,0.26222223,207,,,,
1311,184.8078112111929,4,0.25333333,206,,,,
1312,75.21960712232111,4,0.16,214,,,,
1313,140.8959545506735,3,0.19555555,207,,,,
1314,161.73201690551892,4,0.19555555,205,,,,
1315,252.56939633602366,6,0.2711111,200,,,,
1316,146.69398568410372,3,0.24444444,208,,,,
1317,170.22867332182145,4,0.21333334,204,,,,
1318,197.43181722690042,5,0.23111111,202,,,,
1319,219.96032502190485,5,0.28444445,207,,,,
1320,235.22516212334423,5,0.2711111,203,,,,
1321,290.49512233750335,8,0.29333332,200,,,,
1322,225.48682569497174,5,0.26222223,202,,,,
1323,78.45254751836582,3,0.23555556,216,,,,
1324,181.7073279169628,4,0.24444444,206,,,,
1325,-68.39799047002643,2,0.10222222,230,,,,
1326,133.59232515511323,4,0.25777778,216,,,,
1327,123.50279643999937,3,0.18666667,207,,,,
1328,182.18891609621727,5,0.24444444,208,,,,
1329,203.70890414899768,5,0.25333333,203,,,,
1330,173.655045123584,3,0.2488889,206,,,,
1331,245.45438637067326,5,0.3288889,206,,,,
1332,114.41696835785135,3,0.21333334,211,,,,
1333,155.93169310030032,4,0.24444444,207,,,,
1334,54.0877282895616,1,0.2,217,,,,
1335,183.0321091880107,4,0.23555556,203,,,,
1336,231.14423437938683,5,0.26666668,203,,,,
1337,205.54523482582857,4,0.26666668,206,,,,
1338,128.1922160612803,2,0.25333333,212,,,,
1339,87.21774842520317,2,0.16444445,210,,,,
1340,125.26493178161572,4,0.17777778,210,,,,
1341,124.55757440235776,3,0.24,211,,,,
1342,179.52842452514741,4,0.24444444,205,,,,
1343,169.73007946652254,2,0.29333332,208,,,,
1344,143.44680853974268,2,0.24444444,206,,,,
1345,128.24198850245784,3,0.18222222,209,,,,
1346,-27.59991574972368,2,0.08444444,220,,,,
1347,69.90711776609666,3,0.20888889,220,,,,
1348,10.648055231484488,2,0.14222223,221,,,,
1349,83.78476004171603,3,0.20444444,214,,,,
1350,216.20255342257337,4,0.29333332,206,,,,
1351,279.2033131103426,6,0.36444443,204,,,,
1352,137.24326477323947,4,0.22666667,212,,,,
1353,259.44879048710254,5,0.29777777,199,,,,
1354,270.74820921309424,7,0.2888889,203,,,,
1355,267.3785463584735,4,0.34666666,200,,,,
1356,130.7150329303299,4,0.20444444,211,,,,
1357,212.09770147622095,7,0.26666668,207,,,,
1358,181.26451889454194,3,0.31555554,208,,,,
1359,230.30874203938302,4,0.3288889,208,,,,
1360,204.52279257596038,4,0.26666668,205,,,,
1361,207.64519718589892,5,0.24,204,,,,
1362,240.53628311433962,6,0.25777778,202,,,,
1363,144.6966828303128,3,0.23111111,209,,,,
1364,207.2958869214451,5,0.26222223,204,,,,
1365,215.70260726822323,5,0.31555554,211,,,,
1366,161.0410683917749,5,0.21777777,208,,,,
1367,126.48862184626418,3,0.23111111,213,,,,
1368,185.23040701210417,4,0.28444445,208,,,,
1369,224.03342108307046,6,0.28444445,208,,,,
1370,161.07443281007272,4,0.22666667,207,,,,
1371,244.97463517575747,4,0.28,198,,,,
1372,188.5688347123168,5,0.23555556,205,,,,
1373,124.88096245180577,2,0.20444444,209,,,,
1374,222.25444287326417,5,0.25333333,200,,,,
1375,144.60051865572834,4,0.20888889,207,,,,
1376,166.31336638630776,5,0.20888889,209,,,,
1377,194.59111552672329,5,0.2488889,206,,,,
1378,44.918574186869044,2,0.20888889,220,,,,
1379,168.0408077925562,5,0.26666668,213,,,,
1380,196.14505260917971,4,0.25333333,205,,,,
1381,171.6555340613727,4,0.23111111,206,,,,
1382,254.81351759661624,5,0.32,201,,,,
1383,97.22730618451709,3,0.2,217,,,,
1384,141.15880831877396,3,0.20444444,207,,,,
1385,165.0304938252583,4,0.24,206,,,,
1386,137.11418733840173,2,0.21333334,206,,,,
1387,219.06596971430136,5,0.28,205,,,,
1388,262.4660545084244,6,0.29333332,200,,,,
1389,88.99512965352866,3,0.17777778,213,,,,
1390,191.0933460274211,4,0.20444444,200,,,,
1391,212.61167383344107,4,0.26222223,202,,,,
1392,171.28471392222883,3,0.29333332,210,,,,
1393,195.87899491474923,4,0.31555554,212,,,,
1394,208.60548030763738,5,0.26222223,204,,,,
1395,168.80266624198,3,0.25333333,205,,,,
1396,251.00790307006972,7,0.29333332,206,,,,
1397,167.95026315959822,4,0.24,206,,,,
1398,155.24004298213796,2,0.24444444,205,,,,
1399,176.01763277039888,3,0.28444445,209,,,,
1400,198.01149784077697,4,0.28,206,,,,
1401,118.5433454052061,3,0.18666667,209,,,,
1402,107.87045461373837,3,0.17777778,207,,,,
1403,293.42435245927794,5,0.4,204,,,,
1404,129.64995530847062,3,0.2,208,,,,
1405,167.886418787189,5,0.2,207,,,,
1406,163.38587191953388,3,0.2488889,205,,,,
1407,87.75813070200252,4,0.14666666,211,,,,
1408,220.7516712752928,4,0.29333332,206,,,,
1409,172.40951489404688,4,0.20888889,202,,,,
1410,210.89912900525397,6,0.23555556,203,,,,
1411,119.97916998391315,2,0.17333333,206,,,,
1412,225.93517596190918,4,0.30222222,205,,,,
1413,301.09313936939554,6,0.37333333,205,,,,
1414,237.8643245519673,5,0.31111112,205,,,,
1415,102.59588025188575,2,0.18222222,209,,,,
1416,186.69915673952366,4,0.26666668,206,,,,
1417,207.86870464541212,4,0.29333332,205,,,,
1418,221.47027444742753,4,0.32,207,,,,
1419,227.73632951525602,5,0.30222222,207,,,,
1420,209.6312593608365,4,0.30222222,206,,,,
1421,201.83665801828298,4,0.26666668,204,,,,
1422,179.33764769756775,4,0.24,205,,,,
1423,261.7903149602177,7,0.30666667,204,,,,
1424,147.97671237265055,3,0.19111112,206,,,,
1425,158.29285097213452,4,0.21333334,209,,,,
1426,340.4271339740579,8,0.37777779,200,,,,
1427,235.71517289604924,4,0.3288889,206,,,,
1428,234.40174975088607,4,0.31555554,204,,,,
1429,168.11996626883285,4,0.24444444,210,,,,
1430,166.39284551912178,3,0.20444444,202,,,,
1431,58.74077357995033,4,0.15555556,220,,,,
1432,306.08985154317816,6,0.3422222,198,,,,
1433,192.4251019959142,4,0.24444444,202,,,,
1434,124.77283943541224,3,0.22666667,212,,,,
1435,221.96282097578813,3,0.29777777,201,,,,
1436,258.2608094200799,5,0.32,203,,,,
1437,114.67543234436054,2,0.26222223,214,,,,
1438,235.69817966337604,5,0.30666667,205,,,,
1439,180.63556330322663,5,0.2888889,215,,,,
1440,177.95064161068456,3,0.29333332,211,,,,
1441,186.00792624417346,3,0.22666667,201,,,,
1442,215.7807451127739,4,0.27555555,202,,,,
1443,80.66523029102989,4,0.23555556,220,,,,
1444,207.54753161598518,4,0.30222222,208,,,,
1445,152.91304251469194,2,0.22666667,204,,,,
1446,176.38112336352532,4,0.2488889,206,,,,
1447,77.4066931409981,2,0.15111111,210,,,,
1448,222.03699777897157,4,0.28444445,201,,,,
1449,190.76972297507783,5,0.27555555,209,,,,
1450,128.69847689515564,3,0.20888889,209,,,,
1451,234.58209034987453,5,0.30666667,207,,,,
1452,190.99077132410318,5,0.24444444,207,,,,
1453,173.43168418479252,3,0.23111111,205,,,,
1454,17.563116247189175,2,0.14666666,218,,,,
1455,243.87317594415003,6,0.26666668,206,,,,
1456,254.064245442998,6,0.30666667,202,,,,
1457,199.50143269613935,5,0.24444444,205,,,,
1458,197.4068698349674,3,0.28444445,205,,,,
1459,109.92020352015282,4,0.21333334,214,,,,
1460,206.08195609477033,3,0.29777777,203,,,,
1461,194.6813384200006,4,0.28444445,206,,,,
1462,174.0080734197571,3,0.24,205,,,,
1463,195.6164031759144,4,0.2711111,206,,,,
1464,279.033316214785,6,0.35555556,206,,,,
1465,164.54010622614987,5,0.22222222,207,,,,
1466,136.18696529584204,3,0.23555556,211,,,,
1467,191.2918742568995,4,0.24444444,202,,,,
1468,271.95203353469446,6,0.3288889,204,,,,
1469,130.79014593751518,3,0.19111112,207,,,,
1470,173.9393333181741,4,0.24444444,208,,,,
1471,185.09263311661672,4,0.24444444,207,,,,
1472,185.67647093016095,3,0.22222222,199,,,,
1473,125.47641155468422,5,0.24,215,,,,
1474,156.6230736676911,3,0.25333333,206,,,,
1475,203.63755042712936,5,0.24,203,,,,
1476,202.27878608140745,5,0.23555556,203,,,,
1477,102.22722565440046,3,0.20888889,213,,,,
1478,252.2666772851075,5,0.30666667,201,,,,
1479,181.41876938502858,4,0.22222222,203,,,,
1480,256.48798133357127,4,0.31555554,200,,,,
1481,171.77918333035558,3,0.23555556,204,,,,
1482,204.89324042325427,4,0.26666668,204,,,,
1483,204.5846657419757,4,0.25777778,204,,,,
1484,93.18463851886435,4,0.20888889,216,,,,
1485,220.28764816634015,5,0.29333332,206,,,,
1486,237.49006721563705,6,0.30666667,209,,,,
1487,13.884756155526276,2,0.12,219,,,,
1488,180.70875963634265,4,0.23555556,206,,,,
1489,326.8806028143137,7,0.3511111,198,,,,
1490,298.1693068869419,7,0.35555556,202,,,,
1491,8.066269127728347,2,0.13777778,221,,,,
1492,122.08320308178484,3,0.18222222,206,,,,
1493,179.98990349477833,4,0.23555556,203,,,,
1494,190.4779962938156,3,0.25333333,203,,,,
1495,141.7326912740428,4,0.17333333,206,,,,
1496,186.19544620149577,3,0.30666667,209,,,,
1497,252.59871300488976,6,0.2888889,202,,,,
1498,-16.1749739571624,2,0.14666666,225,,,,
1499,237.32098179564147,5,0.31111112,206,,,,
1500,181.4184631695787,4,0.23111111,204,,,,
1501,152.71516002449056,4,0.23555556,211,,,,
1502,184.6240300529621,4,0.23111111,204,,,,
1503,124.52012589961956,3,0.23111111,211,,,,
1504,207.78516643552376,5,0.30222222,207,,,,
1505,71.76743377121242,3,0.17777778,214,,,,
1506,96.76580923435874,5,0.2488889,220,,,,
1507,171.77830814265613,3,0.24,203,,,,
1508,261.96627774839817,6,0.3422222,206,,,,
1509,80.72734010163295,2,0.15555556,210,,,,
1510,248.79417825039476,5,0.2888889,201,,,,
1511,201.59034152758542,4,0.2711111,205,,,,
1512,189.24483116032113,3,0.25333333,204,,,,
1513,189.35749963816127,4,0.26222223,204,,,,
1514,144.154813167846,4,0.17333333,206,,,,
1515,67.5695537978874,2,0.17333333,217,,,,
1516,116.16525893905067,3,0.2488889,214,,,,
1517,224.94121865286246,5,0.32,208,,,,
1518,109.62280733234552,2,0.18222222,207,,,,
1519,185.40957849142887,4,0.20888889,202,,,,
1520,235.0378874441769,4,0.31111112,202,,,,
1521,23.963512179385223,2,0.18666667,218,,,,
1522,98.11064142385595,2,0.15555556,205,,,,
1523,224.4766347332467,4,0.31111112,204,,,,
1524,318.24822123905994,7,0.36888888,203,,,,
1525,254.82002764097857,6,0.34666666,209,,,,
1526,280.19612591120347,6,0.32444444,202,,,,
1527,150.2907961930989,3,0.25777778,209,,,,
1528,231.8020138754335,5,0.26666668,201,,,,
1529,249.55443497408297,5,0.30222222,202,,,,
1530,205.81738003371385,4,0.25777778,202,,,,
1531,144.50772562856562,3,0.24,210,,,,
1532,160.1347126709774,4,0.23555556,209,,,,
1533,263.34317363888647,5,0.30222222,199,,,,
1534,144.6014952701476,3,0.27555555,213,,,,
1535,178.6706334922659,3,0.26222223,207,,,,
1536,203.93191151533205,5,0.25777778,207,,,,
1537,236.90490895341432,5,0.25333333,199,,,,
1538,146.07036792076966,3,0.20888889,206,,,,
1539,233.98174304080473,5,0.29777777,203,,,,
1540,204.06965138623252,4,0.31111112,210,,,,
1541,274.65501538388196,5,0.32,200,,,,
1542,240.34610695483198,5,0.30222222,204,,,,
1543,185.28248999353318,4,0.26222223,208,,,,
1544,180.90541234745464,4,0.22222222,204,,,,
1545,136.4957713451976,3,0.22222222,209,,,,
1546,88.68921646001884,3,0.19111112,213,,,,
1547,201.3934626265255,5,0.22666667,203,,,,
1548,101.18458668475851,3,0.22222222,215,,,,
1549,241.16573972944542,5,0.30222222,203,,,,
1550,280.14579466563026,7,0.30666667,201,,,,
1551,178.2444641649113,3,0.28444445,207,,,,
1552,237.65575889968778,4,0.32,204,,,,
1553,156.08033847226235,3,0.17777778,203,,,,
1554,218.00939277156417,4,0.30666667,207,,,,
1555,174.48962800457758,3,0.26666668,208,,,,
1556,152.23785488594842,3,0.24444444,209,,,,
1557,109.61184471476791,3,0.21333334,214,,,,
1558,213.7224569997406,5,0.32,208,,,,
1559,149.8879411815924,3,0.19111112,205,,,,
1560,126.56120881209264,3,0.20444444,211,,,,
1561,292.3447448346808,4,0.38222224,201,,,,
1562,200.16818930607042,4,0.24444444,202,,,,
1563,113.398092604843,3,0.17333333,207,,,,
1564,194.35482961749358,4,0.30666667,207,,,,
1565,178.7334426993953,3,0.26666668,204,,,,
1566,168.38439574399695,3,0.26666668,207,,,,
1567,182.25601057643976,4,0.2488889,204,,,,
1568,155.26695185258345,3,0.23555556,207,,,,
1569,109.74036011240669,3,0.22666667,212,,,,
1570,213.62815914373218,4,0.3422222,210,,,,
1571,158.85779472327704,5,0.28,213,,,,
1572,162.75873888656594,3,0.22666667,204,,,,
1573,278.0299115125336,4,0.36888888,200,,,,
1574,98.45989761324589,2,0.21333334,212,,,,
1575,219.26056889711109,4,0.2888889,203,,,,
1576,179.3871076041463,5,0.26666668,211,,,,
1577,202.00221236016472,4,0.31555554,210,,,,
1578,284.6833508598493,7,0.3422222,204,,,,
1579,169.42814399001716,3,0.25777778,208,,,,
1580,175.5115045489028,3,0.26666668,206,,,,
1581,144.3570937453174,2,0.22666667,205,,,,
1582,148.62943324400902,3,0.23111111,210,,,,
1583,76.79501635674757,5,0.18666667,224,,,,
1584,188.84044488657298,4,0.30666667,208,,,,
1585,212.7778875850705,5,0.32,211,,,,
1586,201.38416373170404,5,0.29333332,210,,,,
1587,122.89664394390448,2,0.21777777,207,,,,
1588,131.4198458918544,3,0.19111112,208,,,,
1589,183.47010921693294,4,0.25333333,207,,,,
1590,300.7257039623126,5,0.3511111,197,,,,
1591,230.7655003124425,5,0.33333334,208,,,,
1592,172.03139227852608,4,0.2711111,211,,,,
1593,192.85419626065303,4,0.29333332,207,,,,
1594,108.64350101116314,4,0.21777777,214,,,,
1595,212.96290374007262,4,0.26666668,202,,,,
1596,171.8429123295716,2,0.29333332,208,,,,
1597,217.0031895346712,3,0.30666667,203,,,,
1598,245.9426209064035,4,0.33777776,204,,,,
1599,62.28739775188417,3,0.19555555,217,,,,
1600,207.92868621683976,5,0.23555556,201,,,,
1601,239.6452810245307,5,0.2888889,203,,,,
1602,188.66362259950347,4,0.2711111,206,,,,
1603,167.8814071565522,4,0.23111111,206,,,,
1604,143.4572211707718,2,0.2488889,208,,,,
1605,219.65134959823837,5,0.21333334,199,,,,
1606,136.4064080189665,2,0.19555555,204,,,,
1607,190.4826438025141,3,0.29333332,204,,,,
1608,303.71239140140204,7,0.32,199,,,,
1609,236.47473399546703,5,0.31111112,206,,,,
1610,221.66559041934028,5,0.25777778,203,,,,
1611,247.4052393311842,6,0.36888888,211,,,,
1612,213.88844644931655,6,0.25777778,206,,,,
1613,166.68744056559783,3,0.24444444,204,,,,
1614,205.3563603990823,5,0.26222223,206,,,,
1615,160.96973535941044,4,0.25333333,210,,,,
1616,185.81971435083636,5,0.2711111,209,,,,
1617,233.33007072093366,5,0.32,206,,,,
1618,206.39968092215335,3,0.33333334,211,,,,
1619,185.20500848766383,5,0.23111111,206,,,,
1620,105.37484754456413,3,0.23111111,215,,,,
1621,209.3058509641173,4,0.30222222,206,,,,
1622,215.1024896411955,4,0.24,201,,,,
1623,287.9899771135105,7,0.32444444,201,,,,
1624,222.689211786464,5,0.30666667,209,,,,
1625,205.63758411411786,4,0.22222222,200,,,,
1626,251.76139843868316,5,0.31555554,205,,,,
1627,237.07675630786406,4,0.3422222,205,,,,
1628,179.55191686570217,4,0.26666668,208,,,,
1629,148.0609752829308,4,0.25777778,211,,,,
1630,158.71961025994153,3,0.24444444,207,,,,
1631,206.33901980888305,6,0.22222222,201,,,,
1632,196.46309024902803,5,0.26222223,209,,,,
1633,176.44498408972902,4,0.20444444,202,,,,
1634,205.6534233229393,5,0.3288889,210,,,,
1635,153.52376896253926,3,0.22666667,205,,,,
1636,87.29017686637332,4,0.20888889,216,,,,
1637,264.40909338011653,6,0.32,203,,,,
1638,147.91173004754887,3,0.18666667,201,,,,
1639,119.3459181215036,3,0.18222222,207,,,,
1640,187.71568059689906,4,0.28444445,210,,,,
1641,112.20742171741279,3,0.2711111,217,,,,
1642,173.91633091343056,3,0.24,204,,,,
1643,184.16453136657904,3,0.2888889,207,,,,
1644,98.36644411851904,2,0.16888888,208,,,,
1645,186.01458508642142,3,0.24444444,201,,,,
1646,244.7641367854016,5,0.29777777,203,,,,
1647,162.0138822287489,2,0.29777777,206,,,,
1648,256.03372399824764,5,0.3422222,205,,,,
1649,208.51748227153823,6,0.30222222,210,,,,
1650,227.92855090667936,5,0.28444445,203,,,,
1651,232.30697452015724,5,0.31555554,206,,,,
1652,108.9302801166886,3,0.20444444,212,,,,
1653,268.1677821719396,6,0.2711111,198,,,,
1654,180.34738992242492,4,0.22222222,203,,,,
1655,237.69059826556096,4,0.29333332,201,,,,
1656,231.1643190961747,4,0.31111112,203,,,,
1657,319.62099808191016,8,0.3422222,200,,,,
1658,165.5730419550137,4,0.23555556,206,,,,
1659,152.2047454360347,3,0.19555555,203,,,,
1660,217.65876541172835,4,0.30666667,206,,,,
1661,174.68606075191366,5,0.27555555,212,,,,
1662,200.2829733941526,5,0.27555555,207,,,,
1663,183.07102130625992,2,0.27555555,205,,,,
1664,230.99402097945918,5,0.30222222,207,,,,
1665,301.98906996431447,7,0.36444443,205,,,,
1666,208.09833058524902,4,0.2488889,201,,,,
1667,291.27884533277165,6,0.3288889,200,,,,
1668,269.68160688930533,7,0.29333332,201,,,,
1669,214.99485602836467,5,0.2888889,207,,,,
1670,147.55253132224976,3,0.20888889,206,,,,
1671,200.74363974595818,5,0.23555556,205,,,,
1672,167.3736390432181,3,0.2488889,207,,,,
1673,187.79453617476037,3,0.25777778,204,,,,
1674,118.54489613664224,2,0.22666667,209,,,,
1675,275.7358926758874,7,0.3288889,206,,,,
1676,217.32386413351082,4,0.24444444,198,,,,
1677,216.50651637848156,5,0.2711111,205,,,,
1678,229.31058022285544,3,0.3288889,201,,,,
1679,145.36570383818997,4,0.19111112,205,,,,
1680,102.31263246120358,3,0.18222222,210,,,,
1681,220.2542531346326,5,0.27555555,204,,,,
1682,86.74161942388692,4,0.16888888,213,,,,
1683,179.06296992401158,3,0.29333332,208,,,,
1684,235.87697199069564,5,0.31111112,207,,,,
1685,132.90845562168664,4,0.20888889,207,,,,
1686,220.57693447135867,5,0.29777777,205,,,,
1687,259.91350977613877,6,0.26666668,199,,,,
1688,94.49012857997963,1,0.23111111,211,,,,
1689,206.77356636410025,4,0.26666668,204,,,,
1690,236.14697564799505,4,0.31555554,204,,,,
1691,193.72334093026373,5,0.25333333,207,,,,
1692,161.6050313304975,2,0.29333332,211,,,,
1693,230.41983902222142,6,0.24,200,,,,
1694,249.74971849214626,5,0.30666667,203,,,,
1695,302.5208869626913,7,0.33333334,201,,,,
1696,215.161819495601,4,0.27555555,204,,,,
1697,257.985928505422,6,0.28444445,203,,,,
1698,-73.93480486781024,3,0.14222223,231,,,,
1699,211.55788063507623,4,0.26666668,202,,,,
1700,236.30122431718576,4,0.3288889,204,,,,
1701,3.9770083408813406,1,0.12444445,217,,,,
1702,118.48800095875158,3,0.19555555,211,,,,
1703,179.93779217851923,3,0.25333333,204,,,,
1704,117.74604462057262,4,0.16888888,210,,,,
1705,251.76682368397448,3,0.35555556,202,,,,
1706,156.794062214341,3,0.20888889,205,,,,
1707,120.69706911943123,4,0.21333334,213,,,,
1708,63.78199388041959,1,0.22666667,216,,,,
1709,171.49548896462431,4,0.24444444,208,,,,
1710,100.38895260391645,4,0.23111111,217,,,,
1711,280.5582062761869,6,0.34666666,204,,,,
1712,206.85627872835062,4,0.30222222,207,,,,
1713,270.05280751702134,6,0.30666667,203,,,,
1714,239.01702069142968,6,0.2888889,204,,,,
1715,103.594801281306,2,0.18222222,210,,,,
1716,198.20910804832153,5,0.22222222,206,,,,
1717,238.06112466812027,5,0.29777777,202,,,,
1718,221.56870065865954,5,0.29333332,206,,,,
1719,208.752636612727,3,0.30666667,205,,,,
1720,251.37754645003528,5,0.33777776,205,,,,
1721,145.53355998184398,4,0.24444444,212,,,,
1722,181.7226962203191,4,0.23111111,204,,,,
1723,197.35450171873043,4,0.23555556,203,,,,
1724,197.1080785076936,4,0.2488889,204,,,,
1725,114.5623396585693,3,0.19555555,213,,,,
1726,235.198458728294,5,0.2488889,201,,,,
1727,193.23643037247118,5,0.22666667,204,,,,
1728,218.953233360933,4,0.3511111,208,,,,
1729,213.90380159045145,4,0.28,205,,,,
1730,143.91554842930546,2,0.20444444,204,,,,
1731,108.00535297362882,2,0.19555555,209,,,,
1732,259.1452568824448,6,0.26666668,200,,,,
1733,137.5497868378609,3,0.19111112,206,,,,
1734,203.05351335730205,4,0.2711111,205,,,,
1735,216.37309114340871,5,0.30222222,208,,,,
1736,37.74342651352515,3,0.17333333,221,,,,
1737,123.51952586654862,4,0.20888889,209,,,,
1738,246.11304285040805,4,0.31111112,200,,,,
1739,188.88911308318222,3,0.24,201,,,,
1740,185.61894139242693,5,0.20888889,203,,,,
1741,197.96293995249596,4,0.28444445,206,,,,
1742,188.97825833522796,4,0.30666667,210,,,,
1743,147.73536687152952,4,0.21777777,208,,,,
1744,157.95457328361024,4,0.2488889,209,,,,
1745,238.6881398737148,5,0.26222223,201,,,,
1746,263.1322213041689,5,0.33333334,204,,,,
1747,244.83519087467735,6,0.3288889,211,,,,
1748,135.7692323441198,3,0.20444444,207,,,,
1749,203.22990132870405,3,0.27555555,202,,,,
1750,86.70595836952657,4,0.20444444,215,,,,
1751,127.70228314565247,3,0.21333334,210,,,,
1752,137.3619169039255,4,0.2,211,,,,
1753,77.19092812379215,3,0.12888889,209,,,,
1754,264.64076623579126,6,0.29777777,200,,,,
1755,276.4125413660665,6,0.3422222,206,,,,
1756,109.98383483090046,3,0.2488889,215,,,,
1757,58.32032822248552,2,0.15111111,210,,,,
1758,159.81162997485617,3,0.2488889,206,,,,
1759,343.9238710274524,8,0.38666666,203,,,,
1760,262.53811743833035,6,0.30222222,203,,,,
1761,250.00416560087555,5,0.34666666,205,,,,
1762,111.26661900849825,3,0.14222223,207,,,,
1763,208.80651082211065,4,0.29777777,205,,,,
1764,314.6366803652937,7,0.36,199,,,,
1765,288.50532405762493,6,0.34666666,199,,,,
1766,140.52886802389682,2,0.22666667,207,,,,
1767,60.60424287617289,3,0.18222222,219,,,,
1768,259.34727892411087,7,0.25777778,202,,,,
1769,206.83652725368347,3,0.28,201,,,,
1770,201.83694700592483,4,0.22666667,200,,,,
1771,273.6077068081877,6,0.33333334,204,,,,
1772,222.173844221934,5,0.29333332,205,,,,
1773,154.87107297478866,3,0.2711111,211,,,,
1774,256.0339765210621,6,0.25777778,199,,,,
1775,190.42473931459364,5,0.26222223,207,,,,
1776,82.48126613375744,3,0.12,209,,,,
1777,140.48653715944417,2,0.26666668,212,,,,
1778,180.2062287314197,3,0.28,209,,,,
1779,150.87451655454316,3,0.23555556,208,,,,
1780,328.90816595988804,7,0.38666666,202,,,,
1781,236.8715445720553,6,0.25777778,203,,,,
1782,233.38023320170677,5,0.2711111,202,,,,
1783,160.39625938477263,6,0.2,210,,,,
1784,206.94985470048638,6,0.2488889,209,,,,
1785,278.46303729372744,5,0.35555556,203,,,,
1786,332.1752249940964,8,0.36888888,200,,,,
1787,140.9612113075182,4,0.19555555,208,,,,
1788,193.13906541317087,4,0.22666667,202,,,,
1789,217.29659203644388,4,0.24,199,,,,
1790,169.57582364473578,4,0.25333333,208,,,,
1791,213.52798322454,5,0.25333333,207,,,,
1792,228.55056692885915,5,0.27555555,202,,,,
1793,220.05828341554542,5,0.25333333,203,,,,
1794,219.3860522931158,6,0.2711111,204,,,,
1795,191.30761712137402,5,0.2711111,208,,,,
1796,209.87321990086258,5,0.25333333,206,,,,
1797,225.10805003097911,4,0.30666667,202,,,,
1798,150.6564498024236,3,0.22666667,209,,,,
1799,175.72480661099513,2,0.29333332,205,,,,
1800,174.6312029785495,5,0.24,209,,,,
1801,289.37949465733055,7,0.3288889,203,,,,
1802,80.28818893602437,3,0.17777778,212,,,,
1803,213.37625943912073,4,0.27555555,202,,,,
1804,265.4985531715861,6,0.27555555,200,,,,
1805,132.64481200906215,2,0.17777778,202,,,,
1806,152.9758458406173,3,0.22222222,205,,,,
1807,169.75151296527397,3,0.26666668,205,,,,
1808,266.4412483851001,5,0.31555554,201,,,,
1809,198.90007579582704,5,0.22222222,205,,,,
1810,228.7807041273984,5,0.25333333,201,,,,
1811,190.3145285443333,6,0.2888889,213,,,,
1812,19.864669426290348,1,0.13777778,219,,,,
1813,73.12380069768541,3,0.20888889,215,,,,
1814,218.29033856404766,4,0.27555555,202,,,,
1815,174.83570023037882,6,0.2488889,210,,,,
1816,174.87853755754185,3,0.2488889,206,,,,
1817,133.61434187612298,4,0.23111111,212,,,,
1818,233.85478911189867,5,0.29777777,205,,,,
1819,19.283020946374517,2,0.12,217,,,,
1820,263.37635560058607,5,0.33333334,204,,,,
1821,185.18833169365337,4,0.21777777,203,,,,
1822,192.2237495939814,4,0.24,204,,,,
1823,214.49975289433348,3,0.27555555,201,,,,
1824,211.69702893002085,4,0.2711111,203,,,,
1825,68.37326810418257,3,0.20444444,216,,,,
1826,147.81038304687223,4,0.25333333,211,,,,
1827,237.7417384821945,4,0.28444445,199,,,,
1828,254.6878611647909,5,0.29777777,200,,,,
1829,197.0998393687315,4,0.30666667,208,,,,
1830,194.17117689001296,3,0.2888889,204,,,,
1831,267.60593734383644,5,0.3288889,200,,,,
1832,214.68918062765852,4,0.25777778,202,,,,
1833,193.38073702466698,3,0.28,205,,,,
1834,207.90303130954578,3,0.32,206,,,,
1835,180.85988708387768,3,0.2711111,206,,,,
1836,150.37255711787614,3,0.24444444,207,,,,
1837,269.52338595965324,6,0.30222222,200,,,,
1838,135.27298208057275,3,0.18666667,205,,,,
1839,273.02387037711145,6,0.32,202,,,,
1840,86.8583594425575,2,0.16444445,210,,,,
1841,159.3062747715739,4,0.20888889,208,,,,
1842,124.00960398136813,2,0.19555555,206,,,,
1843,272.17673974107106,7,0.30666667,205,,,,
1844,99.5251810365167,2,0.19555555,213,,,,
1845,119.44769622732979,3,0.18222222,206,,,,
1846,187.17381215513885,4,0.26666668,206,,,,
1847,238.84314006433402,5,0.2888889,201,,,,
1848,261.74956417608263,5,0.32444444,203,,,,
1849,136.35034627561268,4,0.16,208,,,,
1850,202.256390323711,4,0.2711111,204,,,,
1851,233.06714474729984,5,0.29777777,203,,,,
1852,210.85307173231485,5,0.25777778,202,,,,
1853,156.30939952044585,3,0.2,203,,,,
1854,226.13068650343524,4,0.30666667,205,,,,
1855,169.55449611208692,4,0.25777778,211,,,,
1856,69.151232422877,2,0.18666667,216,,,,
1857,47.20161393228943,3,0.2,222,,,,
1858,219.39042563811375,5,0.24,201,,,,
1859,164.15634529704838,4,0.23555556,207,,,,
1860,199.60401404836904,5,0.28,209,,,,
1861,61.571337834376436,3,0.19111112,219,,,,
1862,241.83002954630624,5,0.3422222,210,,,,
1863,162.2901593637012,4,0.26222223,208,,,,
1864,197.00025452344192,4,0.26666668,206,,,,
1865,222.4727843603749,5,0.23555556,200,,,,
1866,195.31380539906698,4,0.26222223,204,,,,
1867,163.65895844400293,3,0.23111111,204,,,,
1868,218.58581841275165,4,0.2888889,203,,,,
1869,137.45243419631853,3,0.23555556,210,,,,
1870,167.1804980290333,4,0.19555555,202,,,,
1871,160.07827623934364,3,0.2888889,210,,,,
1872,178.05658671104715,3,0.23111111,204,,,,
1873,168.30653253589804,4,0.2711111,206,,,,
1874,161.74153671114982,3,0.24,207,,,,
1875,294.4893719457682,6,0.33777776,202,,,,
1876,191.4058616503947,2,0.2888889,203,,,,
1877,148.91585774963076,3,0.26666668,211,,,,
1878,104.02393317499117,3,0.23555556,214,,,,
1879,206.9323220456876,4,0.27555555,203,,,,
1880,166.12090804958,4,0.21333334,206,,,,
1881,65.57219556183496,2,0.18222222,214,,,,
1882,225.16426651659714,3,0.36444443,207,,,,
1883,162.2084011491211,4,0.2488889,210,,,,
1884,214.7339143091501,4,0.2711111,203,,,,
1885,144.22987510911494,4,0.25777778,211,,,,
1886,89.3558340851829,2,0.17333333,210,,,,
1887,171.41482554470525,3,0.21777777,200,,,,
1888,206.1732147404822,4,0.30666667,209,,,,
1889,184.63419423781605,3,0.30222222,209,,,,
1890,186.3321998200784,4,0.26666668,210,,,,
1891,53.60021919116144,3,0.24,222,,,,
1892,141.81440337300333,3,0.25777778,212,,,,
1893,227.56240360097308,4,0.34666666,207,,,,
1894,229.62639797005065,5,0.26222223,201,,,,
1895,212.34744436109514,5,0.31111112,210,,,,
1896,165.1140409678539,3,0.2711111,208,,,,
1897,196.65560418383814,3,0.29777777,206,,,,
1898,255.48463630231709,6,0.26666668,199,,,,
1899,180.81566192440118,2,0.31111112,208,,,,
1900,287.30919764331657,5,0.34666666,199,,,,
1901,179.43183451499766,3,0.34666666,213,,,,
1902,243.48967798013595,5,0.3288889,204,,,,
1903,58.867933489163875,2,0.19111112,215,,,,
1904,219.62536921051756,4,0.2711111,201,,,,
1905,28.900633652421398,2,0.14222223,219,,,,
1906,127.79382880602417,3,0.19111112,209,,,,
1907,179.40823819492903,4,0.22222222,203,,,,
1908,165.48127712371846,4,0.24444444,210,,,,
1909,179.29083049207776,4,0.24444444,206,,,,
1910,7.704464169979345,1,0.09777778,216,,,,
1911,116.75284335663386,4,0.16888888,211,,,,
1912,26.34350895098843,3,0.13777778,217,,,,
1913,151.01441293214447,3,0.16888888,200,,,,
1914,100.24477662563572,2,0.20444444,211,,,,
1915,235.93942882181173,4,0.29777777,202,,,,
1916,149.99373199559423,2,0.2488889,209,,,,
1917,221.8835066980467,5,0.28444445,205,,,,
1918,120.9849204268515,2,0.27555555,212,,,,
1919,222.50450176481974,5,0.26666668,205,,,,
1920,188.83398651008937,3,0.24444444,203,,,,
1921,150.9483670678315,3,0.17777778,203,,,,
1922,200.91754932688426,3,0.25333333,201,,,,
1923,129.7716807623056,3,0.18666667,205,,,,
1924,217.77507869125787,4,0.2488889,199,,,,
1925,247.79233182514116,5,0.30666667,203,,,,
1926,145.27677616535905,3,0.21777777,209,,,,
1927,173.17278425964147,3,0.2888889,208,,,,
1928,272.7036203075909,5,0.32,201,,,,
1929,199.171367801218,5,0.32444444,211,,,,
1930,225.13533384382922,5,0.2711111,203,,,,
1931,98.70710095803032,2,0.20888889,214,,,,
1932,170.2315280536247,3,0.2488889,207,,,,
1933,96.97513909504839,3,0.16888888,214,,,,
1934,168.2757012581698,3,0.22222222,203,,,,
1935,140.18419525298003,3,0.20888889,206,,,,
1936,118.47763756497667,3,0.23555556,209,,,,
1937,76.85038258506651,3,0.15111111,215,,,,
1938,209.69033509138626,3,0.28,203,,,,
1939,254.97368323493134,6,0.32,204,,,,
1940,191.29385307724604,5,0.27555555,209,,,,
1941,295.3325674844407,6,0.30666667,198,,,,
1942,67.17588665751082,2,0.13777778,210,,,,
1943,174.61331531569041,4,0.2488889,208,,,,
1944,262.2251413552197,6,0.35555556,206,,,,
1945,186.88332195742703,3,0.23555556,200,,,,
1946,154.37579779672078,3,0.26222223,209,,,,
1947,236.10645984071735,5,0.27555555,202,,,,
1948,139.17273629537303,3,0.2,205,,,,
1949,246.64559835855482,6,0.36888888,212,,,,
1950,252.40165427937848,6,0.31111112,204,,,,
1951,116.30420518849927,4,0.20888889,215,,,,
1952,139.76693437078254,4,0.25333333,214,,,,
1953,159.12702611891703,4,0.20888889,206,,,,
1954,173.41706502771123,4,0.20888889,203,,,,
1955,191.89432562780814,3,0.24,201,,,,
1956,194.6774743003471,4,0.26666668,205,,,,
1957,294.11130554234217,7,0.3511111,204,,,,
1958,111.22884312971587,3,0.2,211,,,,
1959,60.91721993253304,1,0.16,210,,,,
1960,233.06522408966495,5,0.31111112,204,,,,
1961,227.67850433915842,4,0.32,205,,,,
1962,220.94058125234102,4,0.28444445,204,,,,
1963,139.46768445457568,3,0.22666667,206,,,,
1964,65.04374637337571,2,0.16,214,,,,
1965,148.02239744967778,3,0.20888889,204,,,,
1966,197.28818374033935,4,0.25777778,203,,,,
1967,135.88144011883853,3,0.21333334,209,,,,
1968,26.51339166974696,3,0.12888889,220,,,,
1969,126.99112456732857,2,0.19111112,206,,,,
1970,188.411328606587,4,0.22666667,204,,,,
1971,146.96428952343703,3,0.17333333,203,,,,
1972,128.75365082210732,2,0.23555556,208,,,,
1973,205.98171347302755,4,0.25333333,202,,,,
1974,207.81068889333108,4,0.27555555,204,,,,
1975,267.7058367534482,4,0.32444444,199,,,,
1976,93.45813485801445,4,0.16444445,212,,,,
1977,160.51967411977043,3,0.25333333,208,,,,
1978,105.84747228306297,3,0.21333334,213,,,,
1979,230.2619811220872,5,0.29333332,206,,,,
1980,153.49293861528716,4,0.22666667,210,,,,
1981,217.4215221243874,5,0.26666668,204,,,,
1982,329.74326984598497,8,0.34666666,200,,,,
1983,251.48868645413683,5,0.27555555,197,,,,
1984,265.7704557580041,8,0.2888889,203,,,,
1985,151.24342471463595,3,0.27555555,211,,,,
1986,150.22101153569298,4,0.20888889,206,,,,
1987,141.91414387284945,5,0.2,211,,,,
1988,132.97594756362673,3,0.22666667,211,,,,
1989,75.85710246352343,3,0.19111112,215,,,,
1990,217.94169130986265,4,0.28,201,,,,
1991,168.3404236440199,4,0.24,207,,,,
1992,176.7125451597355,3,0.20888889,200,,,,
1993,140.3077062227573,4,0.25333333,211,,,,
1994,-67.77244431754634,2,0.14222223,233,,,,
1995,217.94220581753459,6,0.24,204,,,,
1996,201.63969822061046,5,0.27555555,207,,,,
1997,141.77377018426665,3,0.18222222,204,,,,
1998,91.758630022335,3,0.13333334,209,,,,
1999,131.51487968907185,3,0.19111112,208,,,,
2000,187.07039122978017,3,0.24,201,,,,
2001,168.66866493062955,4,0.24444444,209,,,,
2002,29.669297119144744,4,0.20444444,225,,,,
2003,29.54834395621146,3,0.15555556,223,,,,
2004,154.96799749142033,3,0.18222222,203,,,,
2005,216.18787926619697,3,0.2888889,203,,,,
2006,144.5211575994316,6,0.21777777,214,,,,
2007,125.69696324892976,3,0.24,210,,,,
2008,164.98490646703172,5,0.24444444,212,,,,
2009,191.21369439735014,4,0.23111111,203,,,,
2010,163.97478062796068,3,0.26222223,208,,,,
2011,76.0457331076192,3,0.14222223,209,,,,
2012,177.11668223114344,4,0.28444445,209,,,,
2013,254.10494826588248,4,0.3422222,202,,,,
2014,207.70223389174814,5,0.28444445,208,,,,
2015,157.48782760220018,4,0.24444444,209,,,,
2016,-45.82480455075796,1,0.10666667,224,,,,
2017,103.4435375433354,3,0.27555555,220,,,,
2018,140.9620832459313,2,0.21333334,204,,,,
2019,226.977354033869,5,0.27555555,203,,,,
2020,176.3085845606497,6,0.20888889,208,,,,
2021,133.28626143378787,3,0.20444444,206,,,,
2022,177.48794511558845,5,0.22222222,207,,,,
2023,215.56835436655314,4,0.29333332,205,,,,
2024,192.48735674798135,3,0.29333332,205,,,,
2025,-10.395820471545072,2,0.14222223,221,,,,
2026,148.23645860533824,4,0.26666668,212,,,,
2027,209.45123510758626,5,0.25777778,206,,,,
2028,167.03273108601576,2,0.29333332,208,,,,
2029,67.15564134856554,2,0.16888888,215,,,,
2030,231.8146328530332,5,0.28,205,,,,
2031,163.73610212867285,4,0.19111112,204,,,,
2032,216.69038726740223,4,0.2711111,201,,,,
2033,256.0350442648391,7,0.28,201,,,,
2034,232.33311732001746,4,0.32,204,,,,
2035,146.56031942455726,5,0.25333333,214,,,,
2036,162.66102602392994,3,0.25333333,209,,,,
2037,269.9375523611514,6,0.30666667,201,,,,
2038,189.37394729149258,4,0.24,204,,,,
2039,258.90676331485986,5,0.3422222,203,,,,
2040,163.17346974510215,3,0.23555556,204,,,,
2041,161.1344819508469,4,0.21333334,204,,,,
2042,195.11105749055395,4,0.26222223,205,,,,
2043,106.92865791636675,3,0.20888889,213,,,,
2044,242.28006715964466,5,0.29777777,201,,,,
2045,206.25608184018708,5,0.24444444,204,,,,
2046,34.70931595273623,2,0.12444445,215,,,,
2047,108.9446189899635,4,0.16444445,210,,,,
2048,174.57266615418357,3,0.30666667,210,,,,
2049,314.2950057088801,5,0.40888888,201,,,,
2050,126.36505858592001,3,0.16,205,,,,
2051,106.05932308367234,2,0.18666667,209,,,,
2052,183.65922482521873,5,0.23111111,207,,,,
2053,256.32321063524296,5,0.32444444,203,,,,
2054,172.1469774183546,5,0.2488889,213,,,,
2055,188.99465531142107,4,0.26222223,207,,,,
2056,163.913178191126,2,0.26666668,207,,,,
2057,192.62700424717218,5,0.2888889,213,,,,
2058,299.86943414656895,6,0.32,198,,,,
2059,223.9475350091557,7,0.29333332,209,,,,
2060,167.21747708872815,3,0.24,205,,,,
2061,308.68091283131537,6,0.36,199,,,,
2062,116.65005517822858,3,0.21777777,213,,,,
2063,50.834834427524434,3,0.13333334,214,,,,
2064,172.47725288626455,3,0.23111111,203,,,,
2065,169.05443037082372,4,0.2711111,212,,,,
2066,236.4701530324922,6,0.30222222,206,,,,
2067,271.9550792269996,4,0.36888888,200,,,,
2068,219.22926300693118,4,0.31555554,206,,,,
2069,200.35340218461832,5,0.23111111,206,,,,
2070,249.02965941535606,5,0.2888889,202,,,,
2071,83.89538439603656,3,0.13333334,209,,,,
2072,166.03701201202284,3,0.25777778,207,,,,
2073,177.42994419600402,4,0.23555556,206,,,,
2074,126.95247366922204,3,0.19111112,211,,,,
2075,190.21857995200455,6,0.23555556,206,,,,
2076,214.91367786809374,5,0.28444445,208,,,,
2077,322.3561389453276,7,0.35555556,200,,,,
2078,195.93452318464108,6,0.2488889,208,,,,
2079,98.50102853489398,3,0.19555555,213,,,,
2080,164.85034542113775,4,0.27555555,210,,,,
2081,208.17856231666917,4,0.29333332,206,,,,
2082,163.56201701451758,4,0.23111111,206,,,,
2083,347.1018891593115,9,0.38222224,204,,,,
2084,163.5048089235564,3,0.2488889,207,,,,
2085,134.14751764582695,3,0.19555555,207,,,,
2086,215.49801411142244,4,0.2711111,200,,,,
2087,173.57676689660886,4,0.26222223,208,,,,
2088,147.51437377556127,4,0.23111111,210,,,,
2089,223.41198572990942,4,0.2888889,203,,,,
2090,128.93947418733381,2,0.18666667,204,,,,
2091,183.13946344136852,3,0.23111111,201,,,,
2092,227.8425641534493,5,0.29333332,204,,,,
2093,219.84790859634603,5,0.26222223,204,,,,
2094,89.05629488400456,3,0.16,212,,,,
2095,207.08404763926626,4,0.30222222,206,,,,
2096,176.69911084652247,3,0.22666667,201,,,,
2097,241.98033851237543,4,0.28,199,,,,
2098,113.03422374021545,4,0.26666668,217,,,,
2099,138.20860478080908,4,0.22666667,213,,,,
2100,297.86026811131364,7,0.33333334,200,,,,
2101,155.186922709195,2,0.23555556,205,,,,
2102,101.42282947548668,4,0.2488889,219,,,,
2103,279.11017000753134,5,0.36,202,,,,
2104,181.22170455104492,5,0.24444444,209,,,,
2105,102.12278073473537,3,0.20444444,211,,,,
2106,193.18550734262286,3,0.24,199,,,,
2107,252.23022333837605,6,0.29777777,202,,,,
2108,236.05466822173446,5,0.28444445,204,,,,
2109,96.15873970650176,2,0.21333334,211,,,,
2110,200.30502475096046,2,0.29333332,202,,,,
2111,114.90187287487844,3,0.20444444,212,,,,
2112,230.24777443513543,5,0.29777777,205,,,,
2113,80.49995192428793,2,0.19111112,213,,,,
2114,168.32234244959346,4,0.23555556,206,,,,
2115,204.83187831053226,3,0.2888889,204,,,,
2116,61.95835190976301,2,0.15111111,211,,,,
2117,217.06052391238578,4,0.30222222,207,,,,
2118,189.75702376771042,4,0.23555556,206,,,,
2119,111.37269390086024,3,0.2,212,,,,
2120,205.00618583286402,7,0.25777778,211,,,,
2121,129.80038812535255,3,0.20888889,209,,,,
2122,109.69238514812447,2,0.17333333,206,,,,
2123,149.03597456693802,4,0.24444444,210,,,,
2124,213.473423784223,3,0.29333332,203,,,,
2125,130.30069623301975,4,0.2711111,218,,,,
2126,165.30644834995553,4,0.19111112,202,,,,
2127,231.58836623448636,6,0.28,208,,,,
2128,198.13699954451155,4,0.27555555,206,,,,
2129,128.23278242967726,2,0.25777778,212,,,,
2130,155.15401010442724,5,0.16888888,205,,,,
2131,188.08935332910946,5,0.23111111,205,,,,
2132,109.92117367900981,4,0.2,213,,,,
2133,89.26768772211724,2,0.15111111,209,,,,
2134,142.7375920124022,3,0.18222222,207,,,,
2135,155.687511839948,3,0.2488889,207,,,,
2136,152.09671378714603,3,0.18222222,202,,,,
2137,75.74844279155667,2,0.12,208,,,,
2138,168.69952816536656,4,0.23111111,207,,,,
2139,100.85535580282354,3,0.14666666,208,,,,
2140,120.34754578434186,1,0.20888889,208,,,,
2141,127.86667640049745,3,0.23111111,209,,,,
2142,183.36564149555238,4,0.23111111,206,,,,
2143,90.97286885222746,3,0.18666667,214,,,,
2144,191.83871958128694,3,0.28444445,207,,,,
2145,165.97493979641573,3,0.23111111,206,,,,
2146,89.10621493851782,1,0.17777778,207,,,,
2147,244.85401335038335,5,0.30666667,203,,,,
2148,214.48156362793193,5,0.29333332,210,,,,
2149,120.12697485469542,2,0.2,209,,,,
2150,141.71439476745527,2,0.2711111,211,,,,
2151,81.77051944040797,1,0.16444445,209,,,,
2152,124.1061875634367,3,0.19111112,209,,,,
2153,197.19285609175355,3,0.29333332,205,,,,
2154,172.86469134002218,3,0.28444445,209,,,,
2155,133.0679677039078,2,0.2488889,210,,,,
2156,164.00434529590362,2,0.25777778,206,,,,
2157,275.4200091161515,6,0.30666667,200,,,,
2158,146.36726270452206,3,0.22666667,208,,,,
2159,187.5473811447627,4,0.30666667,211,,,,
2160,268.3813515029725,6,0.34666666,206,,,,
2161,270.8024863921217,5,0.29777777,198,,,,
2162,145.31858281991472,3,0.21777777,207,,,,
2163,169.59086106972177,3,0.31111112,211,,,,
2164,202.91560991162356,4,0.28444445,207,,,,
2165,205.42238527060672,4,0.29333332,206,,,,
2166,248.606906713148,5,0.30222222,203,,,,
2167,144.62691604714718,5,0.16444445,209,,,,
2168,258.7078216427362,4,0.38222224,207,,,,
2169,141.05678132131496,3,0.22222222,207,,,,
2170,128.7142989793339,3,0.22222222,209,,,,
2171,313.5458949863317,7,0.32444444,199,,,,
2172,159.3317141474963,3,0.21777777,204,,,,
2173,164.6836577191189,4,0.22222222,206,,,,
2174,168.74985285358724,3,0.23555556,205,,,,
2175,171.10940831452913,4,0.20444444,203,,,,
2176,92.76838184702001,3,0.17333333,212,,,,
2177,143.30638428938457,2,0.26666668,210,,,,
2178,206.83150507948662,5,0.2711111,207,,,,
2179,103.34427207208073,2,0.21777777,212,,,,
2180,248.28442107929723,5,0.32444444,205,,,,
2181,114.6072052306246,3,0.2488889,214,,,,
2182,273.8500146610256,7,0.32,205,,,,
2183,198.5745725222293,4,0.27555555,208,,,,
2184,92.79154449337004,2,0.23111111,214,,,,
2185,206.56398751113684,4,0.30222222,207,,,,
2186,82.91487443636164,3,0.15555556,214,,,,
2187,177.66340830821383,2,0.31555554,209,,,,
2188,40.41867204419973,3,0.17777778,223,,,,
2189,276.728236970453,5,0.3422222,200,,,,
2190,172.7397318715559,3,0.25777778,207,,,,
2191,247.20567854121634,4,0.3422222,205,,,,
2192,249.6627565240655,5,0.28444445,201,,,,
2193,182.80645456510263,3,0.24444444,203,,,,
2194,165.10185974867676,4,0.20444444,204,,,,
2195,90.10550786471758,3,0.20888889,215,,,,
2196,179.59044582542285,4,0.24444444,204,,,,
2197,209.64853610156848,4,0.3288889,209,,,,
2198,59.22387520790102,2,0.17333333,214,,,,
2199,201.51528987003022,4,0.23111111,200,,,,
2200,274.73149042075545,6,0.37333333,207,,,,
2201,153.3792858102833,3,0.22666667,207,,,,
2202,256.9412846645825,5,0.33333334,205,,,,
2203,151.15018398283584,4,0.2488889,211,,,,
2204,154.6514184302362,3,0.26666668,210,,,,
2205,246.0735044277328,5,0.25333333,197,,,,
2206,208.27848160034168,4,0.33333334,212,,,,
2207,163.5258911987377,5,0.20888889,206,,,,
2208,198.55482423970182,4,0.26666668,203,,,,
2209,137.4325466283605,2,0.24,210,,,,
2210,146.76802119153268,4,0.22222222,210,,,,
2211,189.0591337878045,6,0.21333334,206,,,,
2212,225.53467491993078,4,0.3288889,208,,,,
2213,229.1658534629042,4,0.29333332,201,,,,
2214,299.62604475016633,6,0.36,204,,,,
2215,104.33498331535202,3,0.26666668,220,,,,
2216,192.52059153050664,4,0.2488889,206,,,,
2217,145.55122442699593,3,0.23111111,209,,,,
2218,216.49487008481725,5,0.2488889,203,,,,
2219,130.2532197573303,3,0.23555556,213,,,,
2220,198.23808776417593,4,0.24444444,201,,,,
2221,200.67524707969656,5,0.2888889,212,,,,
2222,188.28747869080087,5,0.23111111,204,,,,
2223,145.94224512871048,2,0.21777777,204,,,,
2224,185.9301180161866,4,0.22222222,202,,,,
2225,163.22667050077328,4,0.23555556,208,,,,
2226,123.79245477373067,3,0.16,204,,,,
2227,84.18707676230345,1,0.21333334,211,,,,
2228,186.7811901686397,4,0.26222223,207,,,,
2229,218.33735065170376,4,0.29777777,206,,,,
2230,132.53340931123512,3,0.21777777,209,,,,
2231,274.84730291441434,5,0.34666666,201,,,,
2232,244.82712065211933,4,0.30222222,201,,,,
2233,221.70905795489352,6,0.2888889,208,,,,
2234,152.42215523051544,3,0.28,209,,,,
2235,194.75854808399407,5,0.25777778,207,,,,
2236,235.3265160683401,4,0.29777777,204,,,,
2237,207.74026564216467,5,0.24444444,202,,,,
2238,170.71313495947663,4,0.25333333,210,,,,
2239,219.21603365439947,6,0.2888889,208,,,,
2240,145.95463498055338,4,0.25777778,212,,,,
2241,160.1346955080806,4,0.2488889,209,,,,
2242,181.44872457583588,3,0.2488889,203,,,,
2243,177.30987301107905,3,0.23111111,201,,,,
2244,136.9804696421391,2,0.23555556,209,,,,
2245,136.11676469579962,4,0.17333333,206,,,,
2246,296.790835395506,7,0.32444444,200,,,,
2247,142.1830573474457,3,0.22666667,207,,,,
2248,222.1857775252255,5,0.27555555,205,,,,
2249,195.24374220923738,4,0.22222222,201,,,,
2250,294.6166574449534,7,0.3422222,204,,,,
2251,32.51472424664355,2,0.17333333,218,,,,
2252,202.90712241021356,4,0.2488889,202,,,,
2253,117.96609437839727,2,0.23111111,210,,,,
2254,245.54974403213075,5,0.33777776,206,,,,
2255,144.34026959112487,5,0.2711111,217,,,,
2256,94.36591985841915,2,0.23111111,214,,,,
2257,57.39365733082079,3,0.16888888,217,,,,
2258,-111.37203640393244,2,0.12,236,,,,
2259,190.78609526135386,3,0.2711111,204,,,,
2260,207.66345912987134,4,0.24,202,,,,
2261,121.1615197964338,3,0.19555555,208,,,,
2262,185.55866554573578,5,0.28,210,,,,
2263,159.82249359067026,2,0.2488889,206,,,,
2264,163.81505014048003,4,0.26222223,211,,,,
2265,47.91432098949625,3,0.14666666,215,,,,
2266,98.38282269806214,3,0.18666667,213,,,,
2267,131.40691050780927,3,0.18666667,207,,,,
2268,153.98823507502848,3,0.23555556,207,,,,
2269,-36.67397974298866,3,0.21333334,236,,,,
2270,164.85373050686434,3,0.2488889,207,,,,
2271,134.36275726120903,3,0.19111112,208,,,,
2272,112.47398711578266,3,0.26222223,218,,,,
2273,149.13960523605635,4,0.26666668,214,,,,
2274,183.23155544694944,4,0.22666667,207,,,,
2275,221.98476324782985,6,0.2711111,205,,,,
2276,200.23399634047033,6,0.26222223,210,,,,
2277,180.23729405803536,3,0.2888889,209,,,,
2278,205.32188658090644,4,0.25333333,202,,,,
2279,159.07121372619508,2,0.24,206,,,,
2280,202.2417154610949,5,0.2711111,207,,,,
2281,52.82890609897284,3,0.12888889,215,,,,
2282,199.32763127238124,5,0.27555555,206,,,,
2283,197.31013225742768,4,0.22666667,200,,,,
2284,136.51424336751532,3,0.27555555,211,,,,
2285,76.70847372260583,3,0.18222222,216,,,,
2286,173.7079842558412,4,0.25333333,208,,,,
2287,125.09762499795318,3,0.21333334,211,,,,
2288,52.58635343700457,2,0.17333333,215,,,,
2289,206.537845322453,2,0.3288889,204,,,,
2290,87.64737872042028,3,0.2,217,,,,
2291,262.5947228975502,4,0.36888888,203,,,,
2292,176.251927258467,3,0.24444444,205,,,,
2293,143.4746787196008,3,0.19555555,205,,,,
2294,175.89260023673654,4,0.23555556,206,,,,
2295,282.71796779069575,7,0.27555555,199,,,,
2296,144.20126196792836,2,0.25333333,209,,,,
2297,233.01593162313893,5,0.26222223,202,,,,
2298,204.763040315479,4,0.23111111,201,,,,
2299,181.67888958559064,5,0.26222223,207,,,,
2300,235.23345860539123,4,0.3511111,206,,,,
2301,214.28131755377902,4,0.25777778,202,,,,
2302,189.78480351757923,3,0.26666668,204,,,,
2303,210.80458818201575,6,0.2888889,210,,,,
2304,205.15089719671155,4,0.2888889,207,,,,
2305,283.34526536423624,6,0.34666666,203,,,,
2306,65.82940176915201,4,0.16888888,220,,,,
2307,167.73491543955564,3,0.23555556,206,,,,
2308,239.64296266066665,4,0.2888889,201,,,,
2309,167.08014243403704,2,0.28444445,207,,,,
2310,84.69196706163869,3,0.15555556,212,,,,
2311,219.68587059145085,6,0.2488889,207,,,,
2312,170.46609610211615,3,0.22222222,203,,,,
2313,64.39520500846467,3,0.13333334,214,,,,
2314,192.2805555815622,4,0.25777778,205,,,,
2315,295.6603773284964,6,0.36444443,204,,,,
2316,151.96057986351212,4,0.20444444,207,,,,
2317,179.00278449903047,3,0.26666668,203,,,,
2318,139.30813264974765,3,0.20888889,207,,,,
2319,177.34979483256814,3,0.27555555,208,,,,
2320,233.27324924205055,6,0.2711111,206,,,,
2321,223.51243678792278,4,0.31555554,205,,,,
2322,72.21061035176963,3,0.13777778,211,,,,
2323,154.81657359073736,3,0.23111111,209,,,,
2324,108.42035873955581,3,0.17777778,209,,,,
2325,281.64905801546223,6,0.33333334,203,,,,
2326,210.67448740308944,5,0.29777777,209,,,,
2327,219.91188739159168,4,0.28,202,,,,
2328,179.62076083509962,5,0.26666668,209,,,,
2329,167.33850073992784,5,0.24444444,213,,,,
2330,196.27248183983411,5,0.27555555,210,,,,
2331,220.27442075459206,4,0.28444445,202,,,,
2332,40.99224525529401,2,0.15111111,216,,,,
2333,244.95467447512004,5,0.28444445,204,,,,
2334,223.07731442910526,5,0.29333332,207,,,,
2335,230.99365139585737,4,0.31555554,206,,,,
2336,228.47688179547401,7,0.3288889,214,,,,
2337,58.551324582488796,2,0.18666667,214,,,,
2338,283.672032427035,6,0.33333334,202,,,,
2339,78.20924164103978,3,0.17777778,215,,,,
2340,156.70580158226016,4,0.26666668,213,,,,
2341,201.38856392716923,4,0.25777778,205,,,,
2342,171.10873051481437,4,0.24444444,206,,,,
2343,116.22992011061127,3,0.21777777,213,,,,
2344,299.37518264956105,6,0.36444443,203,,,,
2345,151.97960609198014,4,0.20888889,206,,,,
2346,114.57994561065914,3,0.18222222,209,,,,
2347,132.81862451285284,2,0.24444444,208,,,,
2348,220.053160676841,4,0.32444444,206,,,,
2349,177.71215774019902,3,0.25333333,204,,,,
2350,252.6730874639017,5,0.29777777,200,,,,
2351,130.52396748113125,3,0.17333333,206,,,,
2352,104.24463648134346,3,0.16,209,,,,
2353,138.36120632121924,3,0.21777777,209,,,,
2354,156.84463345594628,3,0.25777778,208,,,,
2355,239.86775089513642,5,0.2888889,203,,,,
2356,65.98254487648039,3,0.17333333,216,,,,
2357,184.59937201222633,4,0.28444445,210,,,,
2358,180.8269455000743,3,0.22222222,200,,,,
2359,129.73295510555852,2,0.23111111,209,,,,
2360,145.47588119829706,5,0.22222222,210,,,,
2361,198.84834394730075,5,0.28,209,,,,
2362,211.45970495137743,3,0.27555555,203,,,,
2363,267.08409082894946,5,0.32,202,,,,
2364,221.60615770415606,6,0.27555555,206,,,,
2365,240.83390761624588,4,0.30222222,202,,,,
2366,294.3315625590461,7,0.3422222,203,,,,
2367,220.2628387465735,4,0.2888889,204,,,,
2368,248.30336428310036,7,0.29333332,207,,,,
2369,126.97361289982587,3,0.30666667,214,,,,
2370,195.3308136419685,4,0.2888889,206,,,,
2371,293.3422992104798,6,0.3511111,202,,,,
2372,244.98166444688238,5,0.3422222,205,,,,
2373,231.21516675764326,7,0.25777778,205,,,,
2374,158.03627090741725,3,0.21777777,204,,,,
2375,197.55612209364654,4,0.29777777,208,,,,
2376,127.629229336599,3,0.21333334,209,,,,
2377,278.28857934452896,8,0.33333334,207,,,,
2378,207.41862840946447,3,0.32,208,,,,
2379,159.47812407040243,4,0.2711111,212,,,,
2380,222.08857752062022,4,0.31111112,205,,,,
2381,133.3320498104219,1,0.22666667,204,,,,
2382,172.4331811053029,3,0.28,208,,,,
2383,145.95291801176137,4,0.25333333,211,,,,
2384,127.24736779066303,3,0.20444444,209,,,,
2385,192.34226967759452,3,0.28444445,205,,,,
2386,42.83390302650268,2,0.14666666,216,,,,
2387,185.3424549650849,4,0.2711111,208,,,,
2388,127.8195502467643,2,0.22666667,206,,,,
2389,276.42723599458856,6,0.31555554,200,,,,
2390,212.38793600896472,4,0.29333332,206,,,,
2391,151.1758009048183,3,0.22222222,206,,,,
2392,211.02326277558612,4,0.30222222,205,,,,
2393,275.7096404199094,5,0.30666667,198,,,,
2394,241.78515024577823,5,0.3288889,206,,,,
2395,223.25570656992193,4,0.31111112,204,,,,
2396,135.57868245934762,4,0.22666667,214,,,,
2397,153.00506234103662,4,0.21777777,210,,,,
2398,145.36424254006275,3,0.23555556,209,,,,
2399,210.91287844359013,3,0.28444445,203,,,,
2400,228.48672105171792,4,0.30222222,204,,,,
2401,243.234452400053,6,0.31111112,204,,,,
2402,227.80409092731608,4,0.31111112,205,,,,
2403,183.40095576134263,4,0.23111111,204,,,,
2404,216.55743753401447,4,0.31111112,208,,,,
2405,272.20211918559636,6,0.29333332,201,,,,
2406,122.44692421001982,2,0.22222222,206,,,,
2407,99.52071371178127,3,0.21333334,213,,,,
2408,214.67278944318267,4,0.31555554,206,,,,
2409,188.1414914307898,3,0.2888889,208,,,,
2410,205.91017820073563,5,0.26222223,204,,,,
2411,152.9259802064667,3,0.22222222,207,,,,
2412,172.52870222308573,2,0.34666666,211,,,,
2413,102.4336828553716,2,0.2488889,217,,,,
2414,123.71787988848577,3,0.17777778,208,,,,
2415,288.44105439329667,6,0.3288889,201,,,,
2416,309.8248143771496,8,0.29777777,200,,,,
2417,131.7905152670639,3,0.22666667,214,,,,
2418,121.57111263219043,2,0.23555556,210,,,,
2419,216.77206299273635,4,0.30222222,206,,,,
2420,163.63761635586584,2,0.25333333,206,,,,
2421,134.75434392336825,3,0.19555555,206,,,,
2422,78.68091183923121,2,0.2,213,,,,
2423,344.7915463276887,7,0.41777778,204,,,,
2424,218.7512567063298,5,0.2888889,208,,,,
2425,190.45127879439497,3,0.28,204,,,,
2426,179.65472810596597,4,0.21333334,201,,,,
2427,272.9473535558928,5,0.3288889,201,,,,
2428,206.98578740644012,4,0.31555554,209,,,,
2429,121.3853104788276,2,0.24,211,,,,
2430,74.77604005239854,2,0.14666666,209,,,,
2431,155.81347444911128,2,0.2711111,207,,,,
2432,122.34060162694864,4,0.20444444,211,,,,
2433,208.84185610908781,6,0.24444444,206,,,,
2434,135.8447471842187,3,0.21777777,208,,,,
2435,145.45955953483042,5,0.23555556,215,,,,
2436,300.00792260230446,6,0.36,201,,,,
2437,239.17897892710255,6,0.31111112,207,,,,
2438,204.50146560036677,3,0.26666668,200,,,,
2439,250.74592617940252,5,0.2888889,199,,,,
2440,155.65462428173845,4,0.21777777,208,,,,
2441,168.10429104038684,2,0.34666666,214,,,,
2442,152.26977707299366,5,0.22666667,211,,,,
2443,251.27707945335837,5,0.31555554,203,,,,
2444,231.8962659169683,5,0.29777777,206,,,,
2445,170.28544498677365,2,0.26222223,203,,,,
2446,215.1649349183388,4,0.30222222,206,,,,
2447,272.2322801205166,7,0.29777777,205,,,,
2448,151.4600031253451,3,0.22222222,207,,,,
2449,186.50386701034793,4,0.20444444,200,,,,
2450,189.259072593369,4,0.2888889,206,,,,
2451,195.6680960371957,4,0.30666667,211,,,,
2452,157.29161571811153,3,0.24,208,,,,
2453,206.21627888452707,5,0.25777778,205,,,,
2454,189.6705516471745,4,0.31111112,212,,,,
2455,216.28454715712672,3,0.31555554,203,,,,
2456,147.77620834439205,4,0.26666668,212,,,,
2457,168.3028076375446,4,0.24444444,211,,,,
2458,237.67435534530046,5,0.29777777,204,,,,
2459,71.13923248631811,3,0.20888889,218,,,,
2460,317.0917217400706,6,0.3911111,202,,,,
2461,105.5942850023491,2,0.20444444,209,,,,
2462,214.68234333946768,6,0.24,205,,,,
2463,106.26784715379003,3,0.16888888,209,,,,
2464,244.53135233968823,3,0.35555556,203,,,,
2465,100.50563373494529,4,0.24,220,,,,
2466,132.28021770741157,3,0.21333334,209,,,,
2467,181.7162153177215,6,0.2888889,214,,,,
2468,242.3934884046051,5,0.2711111,201,,,,
2469,86.60091864780429,3,0.17333333,211,,,,
2470,218.75792690891845,4,0.29333332,204,,,,
2471,251.44104582680455,3,0.3911111,207,,,,
2472,338.59421015818276,8,0.38666666,203,,,,
2473,240.13516297725553,6,0.24444444,199,,,,
2474,214.75828019181216,5,0.31555554,208,,,,
2475,219.0253835508727,5,0.30666667,209,,,,
2476,163.7684890306314,4,0.21777777,205,,,,
2477,136.69370490144456,3,0.2488889,211,,,,
2478,175.46400748582647,3,0.28,207,,,,
2479,130.90737680765307,2,0.18222222,205,,,,
2480,163.33153036543365,4,0.27555555,211,,,,
2481,80.71048508280187,4,0.17777778,215,,,,
2482,255.14643069841725,4,0.32,200,,,,
2483,122.52625223996192,2,0.19111112,207,,,,
2484,64.72003752124455,3,0.18222222,217,,,,
2485,188.96198081391356,3,0.24444444,199,,,,
2486,79.14916323388934,2,0.19555555,213,,,,
2487,104.92398801235511,2,0.22222222,211,,,,
2488,197.8928834416368,3,0.2711111,203,,,,
2489,105.74711062959321,2,0.27555555,218,,,,
2490,267.79918397193586,5,0.29777777,198,,,,
2491,290.0905428981066,6,0.33333334,200,,,,
2492,297.88869816081655,6,0.34666666,200,,,,
2493,251.7012639517559,5,0.31555554,205,,,,
2494,132.77833813107088,3,0.20444444,209,,,,
2495,232.94960246816146,5,0.26666668,199,,,,
2496,280.0809141944031,6,0.3422222,202,,,,
2497,251.90726060639452,6,0.3422222,208,,,,
2498,331.22771163381606,6,0.3911111,200,,,,
2499,193.08907872271138,6,0.23555556,210,,,,
2500,164.78898223057118,3,0.23555556,206,,,,
2501,226.9100905117853,5,0.28444445,204,,,,
2502,203.53702218761302,3,0.3288889,208,,,,
2503,312.35240909873437,7,0.31111112,197,,,,
2504,242.04620236552762,4,0.33777776,205,,,,
2505,155.74434892687628,2,0.28444445,209,,,,
2506,137.07439748789994,2,0.18666667,201,,,,
2507,198.09152917166418,4,0.28444445,206,,,,
2508,169.5930438990149,7,0.29333332,218,,,,
2509,117.85861604971632,5,0.23555556,218,,,,
2510,245.34792987156038,5,0.2711111,201,,,,
2511,178.65214833532045,4,0.2711111,210,,,,
2512,125.19555099619721,3,0.16444445,206,,,,
2513,194.07452212923937,5,0.25777778,208,,,,
2514,200.4250588121309,3,0.26666668,201,,,,
2515,155.1418158878067,4,0.28444445,212,,,,
2516,114.3163318663051,4,0.21777777,213,,,,
2517,184.30341663719565,4,0.26222223,206,,,,
2518,189.1660372515367,5,0.31111112,212,,,,
2519,142.89108340495108,4,0.24,213,,,,
2520,221.1989951126734,5,0.26222223,203,,,,
2521,65.55938684148417,3,0.15111111,212,,,,
2522,291.4614286129044,7,0.3422222,204,,,,
2523,292.74884851192826,6,0.3511111,202,,,,
2524,145.14379816218937,3,0.22222222,208,,,,
2525,126.93277728087585,3,0.23111111,214,,,,
2526,247.7222049686236,5,0.30666667,201,,,,
2527,103.73355626005015,3,0.24,217,,,,
2528,200.04609950960884,4,0.29777777,208,,,,
2529,198.70651048322165,3,0.27555555,202,,,,
2530,177.49170639237195,3,0.28444445,209,,,,
2531,165.30973485699417,4,0.28444445,211,,,,
2532,241.7824909431285,5,0.28,201,,,,
2533,246.5775684898543,6,0.29333332,204,,,,
2534,81.55467581440283,3,0.17333333,213,,,,
2535,105.79215754371275,3,0.19111112,210,,,,
2536,211.31793215314607,4,0.27555555,204,,,,
2537,307.4871406878182,6,0.34666666,199,,,,
2538,211.36868284632664,5,0.26666668,207,,,,
2539,165.98050198852434,4,0.21333334,204,,,,
2540,248.97946781883792,6,0.26666668,201,,,,
2541,198.20182178494645,3,0.30666667,206,,,,
2542,211.70464775689632,4,0.2888889,206,,,,
2543,342.33688688652,7,0.38222224,199,,,,
2544,117.29229298296451,4,0.26222223,217,,,,
2545,102.42608736704676,2,0.2,208,,,,
2546,192.11768616686743,2,0.34666666,207,,,,
2547,145.2443276310325,4,0.21333334,210,,,,
2548,121.07947822529663,4,0.21333334,212,,,,
2549,67.33280030233443,3,0.20888889,217,,,,
2550,227.08345371557454,5,0.30222222,207,,,,
2551,206.68196558993014,6,0.23555556,206,,,,
2552,137.69007656300477,3,0.2,207,,,,
2553,56.46467521703374,2,0.19111112,219,,,,
2554,82.61880921525801,2,0.18222222,214,,,,
2555,-10.376317441502755,2,0.10222222,220,,,,
2556,217.66319638303483,5,0.25333333,203,,,,
2557,185.13779991156918,5,0.2711111,211,,,,
2558,218.76860417104967,5,0.28444445,207,,,,
2559,109.04463042848593,2,0.22222222,210,,,,
2560,138.84361949916698,3,0.20888889,211,,,,
2561,185.24336446096964,4,0.2711111,208,,,,
2562,228.68650597947553,5,0.3422222,209,,,,
2563,104.7117017377438,2,0.16444445,210,,,,
2564,187.94279722785174,4,0.23111111,203,,,,
2565,219.851173252634,6,0.2711111,206,,,,
2566,92.36545433513417,3,0.13777778,209,,,,
2567,237.9236015542796,5,0.2711111,200,,,,
2568,180.491589159427,3,0.23111111,201,,,,
2569,136.79865486773744,4,0.22666667,212,,,,
2570,66.91323615167074,2,0.15111111,210,,,,
2571,193.10229269643182,4,0.24444444,204,,,,
2572,321.52080958472885,7,0.35555556,201,,,,
2573,164.18569495622705,4,0.26666668,211,,,,
2574,146.6931203697229,4,0.22666667,210,,,,
2575,284.4323064573347,6,0.35555556,203,,,,
2576,238.340294232851,5,0.30666667,206,,,,
2577,172.64830480422972,5,0.24,209,,,,
2578,63.90847138645517,3,0.16888888,215,,,,
2579,236.48342002323693,4,0.27555555,200,,,,
2580,203.82978040678904,3,0.28444445,205,,,,
2581,185.61699184184474,4,0.2711111,208,,,,
2582,117.84488811468249,2,0.27555555,218,,,,
2583,243.62995746978933,5,0.3511111,205,,,,
2584,112.74049451748692,3,0.19111112,211,,,,
2585,190.2118564683944,4,0.2488889,204,,,,
2586,277.18558465055276,4,0.36888888,203,,,,
2587,220.97177436753913,4,0.2711111,200,,,,
2588,172.95578759143075,5,0.2711111,209,,,,
2589,201.80316061364863,4,0.29333332,205,,,,
2590,125.13998761191812,2,0.23555556,211,,,,
2591,235.702663218357,4,0.29777777,203,,,,
2592,75.58168420408703,2,0.21777777,218,,,,
2593,204.21446001557086,3,0.31111112,206,,,,
2594,151.0046742079214,4,0.2,203,,,,
2595,234.6205484493607,5,0.31555554,205,,,,
2596,215.3859609150625,4,0.32,207,,,,
2597,162.49685193766425,3,0.23555556,206,,,,
2598,236.4459659236868,6,0.30222222,205,,,,
2599,200.82662308697462,4,0.22666667,199,,,,
2600,216.0608378880868,3,0.32,205,,,,
2601,203.86866157071248,5,0.26222223,207,,,,
2602,193.04586988169405,5,0.24444444,205,,,,
2603,163.32207666776924,3,0.33333334,212,,,,
2604,248.97244450649418,6,0.30666667,204,,,,
2605,150.39869389308984,4,0.21777777,209,,,,
2606,244.507270088039,4,0.28,197,,,,
2607,175.25458057179958,4,0.23555556,207,,,,
2608,271.0776801579366,6,0.28444445,200,,,,
2609,243.12401416627148,4,0.28444445,199,,,,
2610,189.334781639999,4,0.24444444,206,,,,
2611,278.1843660967219,6,0.33333334,202,,,,
2612,158.72026626697536,3,0.27555555,209,,,,
2613,102.93028010452132,3,0.2,210,,,,
2614,150.47144071708382,4,0.21777777,208,,,,
2615,162.85237487388613,4,0.23555556,210,,,,
2616,140.57460471529987,2,0.24,209,,,,
2617,41.419519096587926,2,0.11111111,212,,,,
2618,311.1094482006573,7,0.33777776,199,,,,
2619,254.61858933903181,5,0.36444443,207,,,,
2620,161.78054432716084,3,0.30666667,215,,,,
2621,201.8148700488008,4,0.30222222,207,,,,
2622,165.32397607374602,2,0.2488889,205,,,,
2623,221.8923533533438,4,0.33333334,208,,,,
2624,113.3879408994521,4,0.19555555,215,,,,
2625,280.0454179181478,6,0.3422222,202,,,,
2626,110.84896713170082,4,0.22666667,217,,,,
2627,238.95986674361333,4,0.29333332,201,,,,
2628,237.19430637712853,6,0.2488889,202,,,,
2629,206.77727214465696,4,0.25333333,202,,,,
2630,47.17279666740072,1,0.21333334,219,,,,
2631,180.9944729556991,4,0.2888889,209,,,,
2632,254.16998116979232,5,0.32,203,,,,
2633,207.3501192974384,4,0.2888889,206,,,,
2634,161.0663322727407,3,0.24444444,205,,,,
2635,199.76224895445742,5,0.26222223,206,,,,
2636,227.13634596805701,6,0.2711111,205,,,,
2637,202.51530929219396,4,0.3288889,210,,,,
2638,169.46250552306597,4,0.30666667,214,,,,
2639,209.8100021517154,4,0.32,210,,,,
2640,162.45938119773984,3,0.2488889,210,,,,
2641,175.91353979108638,3,0.2488889,204,,,,
2642,75.28765785739127,2,0.12,207,,,,
2643,113.00786647514143,3,0.22666667,213,,,,
2644,109.41311161385883,2,0.21333334,210,,,,
2645,153.36813444615115,3,0.25333333,209,,,,
2646,202.6061113242922,4,0.2711111,204,,,,
2647,229.40607926360894,4,0.30222222,202,,,,
2648,203.4935389026105,4,0.29333332,207,,,,
2649,207.07495093560473,4,0.30222222,204,,,,
2650,136.15383500688696,4,0.18222222,207,,,,
2651,161.61098928603454,4,0.23111111,207,,,,
2652,228.8066951147651,5,0.29777777,206,,,,
2653,217.49321622032957,4,0.29333332,206,,,,
2654,240.04389575890704,5,0.32,205,,,,
2655,70.74650056541248,2,0.16444445,213,,,,
2656,116.79697711915297,3,0.2,210,,,,
2657,231.44869954176454,5,0.30666667,205,,,,
2658,90.45475110859344,4,0.19111112,214,,,,
2659,32.77319266444061,3,0.15111111,218,,,,
2660,168.0172166378985,4,0.28444445,213,,,,
2661,226.64540812085852,5,0.2888889,204,,,,
2662,235.29093489112424,5,0.29333332,204,,,,
2663,168.6015916972397,4,0.26222223,210,,,,
2664,211.18860692710496,4,0.29777777,206,,,,
2665,264.4386204986164,6,0.30222222,201,,,,
2666,206.37448811854728,4,0.2711111,204,,,,
2667,219.8448129320838,6,0.31555554,210,,,,
2668,296.0323468300074,6,0.3422222,201,,,,
2669,164.07746750300998,5,0.22222222,208,,,,
2670,164.04221695992814,4,0.2711111,212,,,,
2671,88.45164138551831,3,0.17777778,212,,,,
2672,284.9841149861032,5,0.33777776,199,,,,
2673,209.34363974409118,4,0.30222222,206,,,,
2674,183.0397576620097,5,0.24444444,207,,,,
2675,222.20786097195847,5,0.25777778,203,,,,
2676,164.658323179432,4,0.22222222,208,,,,
2677,197.19253964646697,5,0.29333332,210,,,,
2678,203.07843943155152,5,0.23555556,202,,,,
2679,155.6372909164474,3,0.23111111,206,,,,
2680,203.21996968240185,6,0.2711111,208,,,,
2681,213.33127095049898,5,0.26666668,203,,,,
2682,135.98385041558325,3,0.21777777,211,,,,
2683,218.6423144877768,5,0.2711111,205,,,,
2684,117.50931499510588,3,0.20888889,211,,,,
2685,190.86210152884874,4,0.24,203,,,,
2686,197.35408986175983,4,0.26666668,207,,,,
2687,201.87052481591792,4,0.32,209,,,,
2688,198.9114045162643,5,0.23111111,204,,,,
2689,126.27244838263678,3,0.30222222,216,,,,
2690,224.4881956708817,5,0.31111112,207,,,,
2691,255.55864537566634,6,0.2711111,202,,,,
2692,207.76635261354255,5,0.22222222,201,,,,
2693,163.3942563633483,3,0.27555555,208,,,,
2694,87.6844785610302,4,0.22666667,218,,,,
2695,258.83159607431406,5,0.3511111,206,,,,
2696,150.0547566648812,2,0.23555556,205,,,,
2697,177.6529436367963,4,0.2711111,210,,,,
2698,174.68816618197147,2,0.27555555,205,,,,
2699,259.69070449357173,6,0.2488889,198,,,,
2700,215.3555277295444,3,0.3288889,206,,,,
2701,221.23932617156294,6,0.25333333,204,,,,
2702,248.24876567341013,6,0.2888889,203,,,,
2703,188.83393215190415,5,0.18222222,199,,,,
2704,88.44943400393126,2,0.19111112,214,,,,
2705,208.36631819132165,5,0.25333333,202,,,,
2706,157.3297190634563,3,0.23111111,205,,,,
2707,159.75330183993745,4,0.22222222,208,,,,
2708,207.38869714968925,5,0.29333332,209,,,,
2709,201.67275457366244,5,0.28,210,,,,
2710,234.38320764643396,5,0.28,203,,,,
2711,199.1925934178898,4,0.30222222,209,,,,
2712,241.6798738136998,5,0.28,201,,,,
2713,192.2884729269715,3,0.26666668,205,,,,
2714,239.74270745092147,4,0.30666667,201,,,,
2715,269.16938811507316,5,0.33333334,201,,,,
2716,259.6470153020122,4,0.38666666,206,,,,
2717,179.9466977037126,2,0.2711111,202,,,,
2718,180.82707018646255,3,0.23555556,202,,,,
2719,-42.335070267994865,2,0.16,226,,,,
2720,214.10909146220118,4,0.24444444,198,,,,
2721,121.91624871099869,2,0.22666667,210,,,,
2722,199.87423610316432,6,0.2488889,209,,,,
2723,158.32990659350216,4,0.19555555,205,,,,
2724,182.27327478444082,3,0.25333333,203,,,,
2725,193.20696728387077,3,0.26222223,202,,,,
2726,231.42357223835953,5,0.31555554,206,,,,
2727,203.8069876349969,5,0.32444444,212,,,,
2728,269.19828142615955,5,0.29777777,198,,,,
2729,222.66293162178277,5,0.29333332,207,,,,
2730,142.18170134411648,3,0.2488889,211,,,,
2731,164.62197904792035,4,0.2488889,209,,,,
2732,239.7717065085407,4,0.32,204,,,,
2733,186.03897618301258,3,0.2711111,207,,,,
2734,203.5322824916665,4,0.24444444,200,,,,
2735,272.1161120608465,5,0.31555554,200,,,,
2736,241.01921037545873,6,0.2488889,199,,,,
2737,107.33479720156164,3,0.17777778,210,,,,
2738,228.5795186053653,5,0.30222222,203,,,,
2739,165.25832306346211,4,0.23111111,207,,,,
2740,263.68610486728113,5,0.33333334,203,,,,
2741,103.35050985432227,3,0.16444445,207,,,,
2742,221.0033486029205,5,0.26666668,203,,,,
2743,212.53322258533936,5,0.29333332,208,,,,
2744,262.4952352506503,5,0.32,202,,,,
2745,181.31623963528398,4,0.26222223,207,,,,
2746,216.417221908168,5,0.30222222,209,,,,
2747,250.7853541274656,5,0.27555555,199,,,,
2748,149.63397112515085,3,0.24,209,,,,
2749,209.67019246462533,4,0.27555555,204,,,,
2750,183.23747057917794,3,0.25777778,204,,,,
2751,229.77211953082016,5,0.25333333,200,,,,
2752,195.60941150131734,5,0.23555556,205,,,,
2753,162.7590564955537,4,0.28444445,215,,,,
2754,189.39811622490373,5,0.25333333,207,,,,
2755,221.09751806542988,4,0.31555554,206,,,,
2756,172.34461089262285,4,0.25333333,208,,,,
2757,306.0625597535418,7,0.34666666,204,,,,
2758,243.8845975297666,7,0.28444445,206,,,,
2759,160.4560544886425,3,0.23111111,205,,,,
2760,135.30393474188463,4,0.25333333,215,,,,
2761,251.79969997468183,6,0.30666667,203,,,,
2762,207.4798620173261,4,0.30222222,206,,,,
2763,182.2182260414241,4,0.23555556,204,,,,
2764,135.1847538807845,2,0.21333334,205,,,,
2765,183.03794792068837,3,0.28,207,,,,
2766,254.9245840839534,6,0.24444444,199,,,,
2767,206.3342739621045,5,0.22666667,202,,,,
2768,131.41879067193588,3,0.18222222,205,,,,
2769,279.7198098777532,5,0.35555556,202,,,,
2770,230.72989386205268,4,0.28,201,,,,
2771,158.99563899135714,4,0.22666667,208,,,,
2772,108.472381114074,3,0.23111111,216,,,,
2773,231.77239341709733,5,0.28444445,204,,,,
2774,343.45618194881314,8,0.35555556,201,,,,
2775,163.36956094146643,4,0.23555556,206,,,,
2776,207.15660901294342,5,0.25777778,205,,,,
2777,214.94249574124225,3,0.31111112,205,,,,
2778,207.17622941777364,5,0.21333334,199,,,,
2779,105.65358121543942,2,0.20888889,210,,,,
2780,183.71573616640063,4,0.24444444,205,,,,
2781,246.8548270136979,6,0.33777776,208,,,,
2782,77.36806629494225,1,0.2,213,,,,
2783,323.3663164569141,7,0.37333333,200,,,,
2784,171.7333558364121,3,0.2711111,207,,,,
2785,166.3372520899908,4,0.21777777,207,,,,
2786,119.34192424425501,4,0.22222222,214,,,,
2787,367.41544635126513,8,0.39555556,200,,,,
2788,33.46689043121264,2,0.115555555,213,,,,
2789,179.03124781129713,3,0.30222222,210,,,,
2790,161.00020857762254,3,0.24,208,,,,
2791,119.25437771130382,2,0.15111111,202,,,,
2792,228.02733399676927,5,0.30666667,205,,,,
2793,127.66067385902996,3,0.16888888,205,,,,
2794,264.72073993271033,5,0.32444444,203,,,,
2795,289.55433781165647,6,0.30222222,200,,,,
2796,146.86866382838173,4,0.24,212,,,,
2797,187.4367234508452,4,0.2488889,205,,,,
2798,134.46197971110107,3,0.18222222,206,,,,
2799,218.0946165734478,4,0.30666667,205,,,,
2800,105.91264348481813,3,0.19111112,215,,,,
2801,109.96970130301213,3,0.23555556,212,,,,
2802,228.33523499278488,5,0.29777777,209,,,,
2803,174.5963637034922,3,0.25333333,204,,,,
2804,256.9368342726682,4,0.3511111,205,,,,
2805,141.8785466354717,4,0.27555555,216,,,,
2806,248.19058306898847,4,0.3511111,206,,,,
2807,74.07283174586213,2,0.16,212,,,,
2808,171.81745374767635,3,0.25777778,208,,,,
2809,168.41397211444578,3,0.26666668,208,,,,
2810,185.2968405805365,4,0.22666667,203,,,,
2811,215.81843370629065,6,0.26222223,206,,,,
2812,188.97962474867478,5,0.24,204,,,,
2813,136.90640565237592,4,0.22222222,210,,,,
2814,59.84182978065775,2,0.12444445,212,,,,
2815,176.09434014952038,3,0.26666668,208,,,,
2816,191.44415400795867,4,0.21777777,204,,,,
2817,280.2356744432445,5,0.34666666,201,,,,
2818,173.36178388274504,3,0.28444445,207,,,,
2819,198.62816051175048,5,0.26666668,205,,,,
2820,181.75561455475244,4,0.2711111,208,,,,
2821,234.8991987150444,7,0.24444444,204,,,,
2822,155.4876819232824,3,0.21777777,206,,,,
2823,303.76033962414806,5,0.39555556,203,,,,
2824,226.2776904051946,6,0.30222222,208,,,,
2825,186.7563465135668,4,0.2888889,211,,,,
2826,188.98795761445882,5,0.25333333,207,,,,
2827,-6.3741562422000495,2,0.15555556,222,,,,
2828,108.09356840045116,2,0.20444444,208,,,,
2829,160.57156564868785,3,0.25777778,207,,,,
2830,213.98677196163263,3,0.26666668,200,,,,
2831,134.94169130300872,2,0.22666667,208,,,,
2832,250.34780726178187,6,0.30666667,204,,,,
2833,144.12173417836246,4,0.22666667,211,,,,
2834,273.5555269360914,6,0.33333334,206,,,,
2835,211.161842232314,3,0.28,203,,,,
2836,15.083265133794834,1,0.22666667,224,,,,
2837,107.85833526394548,3,0.21777777,210,,,,
2838,155.42860016185935,4,0.24,208,,,,
2839,139.21205673317874,3,0.2488889,211,,,,
2840,174.63744579857,4,0.30222222,213,,,,
2841,112.43688672925785,1,0.23111111,210,,,,
2842,232.04303835276687,5,0.25777778,202,,,,
2843,75.67873066870398,3,0.19555555,220,,,,
2844,328.96103251193426,7,0.34666666,198,,,,
2845,202.47342222527283,4,0.2711111,203,,,,
2846,215.36508022856245,5,0.30222222,207,,,,
2847,72.26714953535344,2,0.2,214,,,,
2848,288.2878474938153,6,0.39555556,207,,,,
2849,263.668199182828,4,0.32,199,,,,
2850,123.36747711239838,3,0.22666667,212,,,,
2851,223.22697026697642,5,0.30666667,207,,,,
2852,170.34290170150243,4,0.2488889,208,,,,
2853,119.75169639253545,3,0.24,211,,,,
2854,140.9189032611421,4,0.25777778,216,,,,
2855,200.5125424744671,4,0.20444444,198,,,,
2856,332.069602432751,7,0.4,201,,,,
2857,180.94315485467126,4,0.2711111,208,,,,
2858,256.56143635806336,6,0.3422222,209,,,,
2859,295.12984365577375,6,0.3911111,206,,,,
2860,247.66181344646867,5,0.31111112,206,,,,
2861,76.19134427883125,2,0.15555556,212,,,,
2862,240.15777373501345,6,0.34666666,210,,,,
2863,115.64997557735722,3,0.24,216,,,,
2864,148.0246438890113,4,0.30222222,218,,,,
2865,245.32458170899963,6,0.32444444,207,,,,
2866,153.0822494102307,3,0.23111111,206,,,,
2867,184.5842997387129,3,0.22666667,201,,,,
2868,185.632457696732,3,0.26222223,206,,,,
2869,204.91373193310616,4,0.32,209,,,,
2870,34.466616707802665,3,0.20444444,225,,,,
2871,228.23725806833164,5,0.29777777,206,,,,
2872,235.62161742032424,6,0.26666668,203,,,,
2873,229.3274959950267,5,0.25333333,201,,,,
2874,203.16010422829942,5,0.28444445,208,,,,
2875,88.53111196162949,5,0.23555556,221,,,,
2876,312.0631338759139,6,0.36444443,200,,,,
2877,108.04470389080954,1,0.20444444,206,,,,
2878,171.6820087907173,3,0.26666668,206,,,,
2879,184.04398114854743,6,0.28444445,211,,,,
2880,275.74608369279093,6,0.30666667,201,,,,
2881,265.5037168317411,5,0.32,198,,,,
2882,241.0162691313623,5,0.31555554,205,,,,
2883,231.54899673069852,5,0.31111112,207,,,,
2884,227.1877975229598,5,0.31111112,206,,,,
2885,180.66506899056148,3,0.23111111,203,,,,
2886,148.890782179696,3,0.23555556,208,,,,
2887,230.86346233280594,3,0.3511111,204,,,,
2888,149.6808266856726,4,0.25777778,211,,,,
2889,198.82561531070425,4,0.24444444,202,,,,
2890,232.69370940192925,5,0.26222223,200,,,,
2891,198.8130013887905,4,0.26222223,207,,,,
2892,177.8251982731019,4,0.25333333,208,,,,
2893,130.79599397499157,4,0.17333333,208,,,,
2894,226.90357296545605,5,0.28444445,202,,,,
2895,130.497814530183,3,0.22666667,210,,,,
2896,231.74347592381673,5,0.31111112,204,,,,
2897,213.67430191174844,4,0.24444444,199,,,,
2898,180.2712217813631,3,0.2488889,201,,,,
2899,116.23111978148746,2,0.2488889,213,,,,
2900,149.84901706327813,5,0.19555555,208,,,,
2901,162.79372037297625,5,0.20888889,207,,,,
2902,289.007466244312,7,0.3511111,206,,,,
2903,183.13639078085447,5,0.22222222,206,,,,
2904,130.46332952877736,4,0.17777778,209,,,,
2905,241.40082221291158,5,0.2711111,199,,,,
2906,203.11824610558608,5,0.22666667,203,,,,
2907,96.12765894532025,3,0.16444445,210,,,,
2908,241.14072465793012,5,0.30222222,203,,,,
2909,69.17534575676521,2,0.16888888,212,,,,
2910,196.08654844539174,5,0.22666667,204,,,,
2911,143.47408550035593,2,0.31555554,215,,,,
2912,202.14120972754114,4,0.26222223,203,,,,
2913,196.92741493351514,3,0.26222223,201,,,,
2914,211.01634335150945,4,0.24444444,199,,,,
2915,173.93865537003722,3,0.24444444,207,,,,
2916,249.12148332156707,4,0.3288889,203,,,,
2917,251.76405245260585,6,0.2711111,203,,,,
2918,300.57015184999585,7,0.3288889,202,,,,
2919,162.83868962095735,3,0.20444444,203,,,,
2920,201.525942301148,4,0.26666668,205,,,,
2921,149.17721579297412,3,0.19555555,204,,,,
2922,195.96008468077733,6,0.29333332,211,,,,
2923,138.03399027324497,3,0.18666667,206,,,,
2924,235.0422848494008,5,0.28444445,202,,,,
2925,155.46400453858195,4,0.22666667,209,,,,
2926,194.51884343012762,6,0.28444445,210,,,,
2927,217.90443796717855,6,0.25777778,206,,,,
2928,88.68652946590038,3,0.15555556,213,,,,
2929,38.91985481555751,3,0.18222222,220,,,,
2930,131.11448877262208,3,0.19555555,208,,,,
2931,121.90554789614323,4,0.26666668,219,,,,
2932,228.67756187150198,4,0.32444444,208,,,,
2933,3.0091417524951765,2,0.21333334,228,,,,
2934,294.2328809230843,6,0.33777776,202,,,,
2935,26.880134791632493,3,0.18666667,221,,,,
2936,113.2689183163879,3,0.16,206,,,,
2937,-10.738169913781409,2,0.12,222,,,,
2938,129.9064339895791,4,0.26222223,214,,,,
2939,115.93938041925401,4,0.18666667,213,,,,
2940,116.29499647919339,3,0.24444444,212,,,,
2941,198.74475635279256,3,0.26222223,203,,,,
2942,-43.77261508883834,1,0.12,225,,,,
2943,238.45296755144952,6,0.28444445,205,,,,
2944,69.54984578855512,3,0.16888888,215,,,,
2945,205.61042673467117,5,0.26666668,207,,,,
2946,217.87263559066858,5,0.27555555,204,,,,
2947,329.16232393142667,8,0.32444444,198,,,,
2948,71.93731500420097,4,0.17777778,217,,,,
2949,199.99777369184747,4,0.32,212,,,,
2950,60.780481924830966,5,0.19555555,221,,,,
2951,173.16937582195501,3,0.29777777,212,,,,
2952,165.4346684078917,5,0.2488889,209,,,,
2953,162.16033447349574,4,0.21777777,206,,,,
2954,233.8722062160432,5,0.2711111,201,,,,
2955,151.3158390163053,2,0.26222223,210,,,,
2956,88.5090019590093,4,0.2,217,,,,
2957,122.00108529681597,4,0.24,215,,,,
2958,141.80023609994626,5,0.22666667,209,,,,
2959,222.79826516568772,5,0.2488889,201,,,,
2960,97.81744226226492,4,0.20888889,214,,,,
2961,245.9360872860437,4,0.30222222,200,,,,
2962,155.73704876256758,3,0.28444445,211,,,,
2963,159.58649580758515,4,0.23555556,208,,,,
2964,178.05125646172075,3,0.26222223,208,,,,
2965,129.457333100298,4,0.23555556,214,,,,
2966,131.91537807735955,3,0.20444444,208,,,,
2967,198.10380732558636,5,0.2711111,208,,,,
2968,127.42156877794365,3,0.19111112,206,,,,
2969,113.99894827247016,5,0.20444444,215,,,,
2970,211.38354824082427,5,0.26222223,205,,,,
2971,151.93063106320514,5,0.22222222,207,,,,
2972,186.3532405925612,4,0.23555556,204,,,,
2973,220.42202387597476,7,0.30222222,209,,,,
2974,-22.617600279728723,3,0.13777778,226,,,,
2975,59.44627287991195,3,0.16,217,,,,
2976,194.08671934673788,2,0.29333332,206,,,,
2977,165.39540944145276,5,0.24,211,,,,
2978,179.2041000667742,2,0.28444445,207,,,,
2979,152.41111700123116,3,0.19555555,202,,,,
2980,184.27690202365133,6,0.22666667,207,,,,
2981,153.03082674138605,2,0.22666667,204,,,,
2982,-12.17423283618172,3,0.13777778,225,,,,
2983,163.1058488201444,4,0.18666667,204,,,,
2984,193.20538912043793,4,0.23555556,202,,,,
2985,290.8401095855716,6,0.3511111,203,,,,
2986,145.11876413933265,6,0.2488889,214,,,,
2987,234.56012644610524,5,0.25333333,201,,,,
2988,166.27913825832445,3,0.25333333,207,,,,
2989,314.5089282623263,6,0.36444443,201,,,,
2990,84.17377569683133,3,0.20444444,215,,,,
2991,156.988930630869,2,0.25333333,204,,,,
2992,91.00198113029917,4,0.19111112,214,,,,
2993,218.94358310455908,5,0.28444445,207,,,,
2994,316.1569542085711,6,0.37777779,199,,,,
2995,262.6808852515869,6,0.36888888,207,,,,
2996,191.34134672189506,5,0.25333333,208,,,,
2997,273.51369350081126,6,0.33333334,203,,,,
2998,166.47746812152013,5,0.21777777,207,,,,
2999,182.08480593492573,5,0.20444444,203,,,,
