episode,reward,victims_rescued,coverage_ratio,steps,total_loss,actor_loss,critic_loss,entropy
0,24.06418061789861,3,0.10222222,150,146.26783204593352,0.03157584805433687,146.2362561978792,1.2958498965752752
1,42.06169323754021,6,0.19111112,150,132.9546865456321,0.05384141953024817,132.90084512610184,1.2824673691862507
2,40.423666762960586,6,0.16888888,150,169.35061472263433,0.05735249191179479,169.29326223072252,1.264722733905441
3,0.15991968232964027,3,0.06666667,150,207.58561888342038,0.04066478426715261,207.54495409915322,1.2007742602574198
4,17.680110406880466,4,0.115555555,150,170.27029714614497,0.05131173916896315,170.218985406976,1.1316424921939248
5,38.147342925123695,6,0.16,150,173.51337307462418,0.04249191368733974,173.47088116093687,1.0392927543113106
6,39.41915969374981,4,0.12888889,150,212.49668532123445,0.04198695938593071,212.45469836184853,0.9487305205119284
7,48.33890006292432,6,0.20444444,150,147.37755453497735,0.026953137914748175,147.3506013970626,0.9220841189748362
8,50.272135934589194,4,0.18222222,150,161.7065611404281,0.04813565873222327,161.65842548169587,0.8293388309447389
9,32.371779596623405,5,0.14666666,150,172.83150873107738,0.04205045623606757,172.7894582748413,0.7708136415795276
10,18.904355851963775,4,0.16444445,150,146.74699723659893,0.06338852897016822,146.68360870762876,0.7994339438645464
11,38.644688234892214,8,0.24,150,123.24087813719004,0.026484019533534974,123.21439411765651,0.7229811709962393
12,24.262923077772722,4,0.12888889,150,122.32247492407546,0.04143849692895616,122.2810364271465,0.6942059005561628
13,40.13443442429113,7,0.22222222,150,97.64625622192398,0.07526736606010481,97.57098885586387,0.7467354418415773
14,22.032612776442033,3,0.08444444,150,65.09703510061004,0.01978898678269041,65.07724611382736,0.7656955201374857
15,31.87581193150875,6,0.14222223,150,120.13293079223705,0.021147714394732918,120.1117830778423,0.757182352244854
16,38.23735974057008,4,0.16,150,153.40904110010197,0.025282153633031015,153.38375894646896,0.78573619142959
17,44.96029008621996,6,0.20444444,150,93.5647848446633,0.07346809950755223,93.49131674515574,0.8696309975103328
18,44.09087945790403,6,0.19111112,150,97.78425451917697,0.0772363445537753,97.70701817462319,0.889803619761216
19,31.896968208377203,7,0.20888889,150,114.32948808049734,0.09723033786653296,114.23225774263081,0.9617129281947487
20,31.87014998001939,3,0.093333334,150,123.27270284844685,0.05345156711011537,123.21925128133674,1.0008072813874798
21,51.96170746768371,4,0.16444445,150,137.42615368598337,0.06620577868613366,137.35994790729723,1.0400818853001845
22,30.264229466125016,3,0.062222224,150,186.84392393593726,0.0857956408636292,186.75812829507365,1.064567557863287
23,13.409970288302674,7,0.15555556,150,156.58214238173161,0.09095957762393583,156.49118280410767,0.9841669748226801
24,37.59572846965054,4,0.18222222,150,149.38210894837118,0.055094025275473926,149.3270149230957,1.0233952940294617
25,42.948613921899295,5,0.18222222,150,211.76611707964298,0.0999690444931682,211.66614803514983,1.018924817442894
26,40.039602638391614,5,0.14222223,150,153.0574684844009,0.12389395846740196,152.93357452593352,1.0696068900196176
27,17.5054547643347,6,0.15555556,150,95.42373601201996,0.13245968257787785,95.29127632944207,1.002191527501533
28,41.20493792713705,3,0.075555556,150,64.38256055970162,0.1715873471081355,64.21097321259349,1.0237033269123028
29,15.474144573158515,6,0.14666666,150,51.627040873943386,0.16359799622411006,51.463442877719274,1.0218385763858493
30,20.191709289799608,6,0.16,150,53.49774936014345,0.1731196518031586,53.3246297083403,1.0192687095780122
31,-6.764364887256441,5,0.12888889,150,50.328240029109445,0.17989789654108646,50.14834213256836,1.0094840691277855
32,41.65283724254145,4,0.15111111,150,53.76592390811512,0.16480543134783052,53.60111847676729,1.0513647520228435
33,34.78309537251681,5,0.13333334,150,31.302053572407825,0.15357458757506193,31.148478984832764,1.0450288151439868
34,59.06511778146745,8,0.24444444,150,51.614701532329875,0.1598301915280325,51.454871340801844,0.9810122043678635
35,50.28506258772143,7,0.22222222,150,66.68313110337017,0.1933528607570272,66.48977824261314,1.034170452701418
36,37.17755717933051,5,0.18666667,150,37.49223950456852,0.14398952956482963,37.3482499750037,1.0281247657380606
37,48.45756851112422,3,0.16,150,55.06499535899217,0.192681144285751,54.87231421470642,1.020563047967459
38,44.17732414491677,4,0.15555556,150,52.01088662930813,0.12276802344345733,51.888118605864676,0.988962918127838
39,32.72732242667949,6,0.13777778,150,62.38779683037367,0.1320810461000196,62.25571578427365,1.0190399096984613
40,58.76250446655453,5,0.16888888,150,67.04772645152958,0.12148997262365331,66.92623647890593,1.0216981878406124
41,52.49895174261468,5,0.16444445,150,47.55114337559912,0.14052294972230142,47.41062042587682,1.0821002290437096
42,22.082708728169727,6,0.15555556,150,78.9531022336236,0.10340153175945345,78.84970070186414,1.0574297634394545
43,35.39047103775541,6,0.16444445,150,69.00162521820809,0.09650349021448117,68.90512172799362,0.9812116646452954
44,49.617303265954746,11,0.26222223,150,27.199182382637733,0.09603046518015235,27.10315191745758,0.9398112061776613
45,32.09227662410974,3,0.08888889,150,37.94266779913175,0.0667913598866251,37.875876439245125,0.8353883243705097
46,51.79142020085032,3,0.10222222,150,22.5949107671806,0.05397857613493934,22.54093219104566,0.726074702645603
47,35.136899117507156,5,0.15111111,150,17.847751787735003,0.06554522102478107,17.782206566710222,0.7265792712569237
48,9.302378176309706,4,0.115555555,150,11.93231639004386,0.02488321274837577,11.907433177295484,0.589996097119231
49,47.94072125339898,6,0.20888889,150,8.084969350400282,0.0406642642644185,8.044305086135864,0.5794385777492272
50,32.74015422139388,3,0.12444445,150,6.676302056312316,0.017879746210957437,6.658422310101359,0.5294279163997424
51,71.97700356692641,8,0.27555555,150,6.292390862026399,0.029365372733752195,6.263025489292647,0.4295139108833514
52,37.305803169875674,4,0.115555555,150,5.79875146039443,0.0009706360594320454,5.797780824334998,0.3961834319328007
53,64.52648731429423,6,0.33333334,150,6.01383032382613,0.023064465188470325,5.990765858637659,0.3901393093953007
54,50.734345554318004,6,0.22666667,150,6.013810081156215,0.015069265353591427,5.998740815802624,0.34284531560383347
55,58.798237151851616,3,0.15111111,150,6.30053797006411,0.012376493088116771,6.2881614769759935,0.31439928024222974
56,23.127087230838548,6,0.16888888,150,5.158283639184543,0.008658392722473332,5.149625246462069,0.31254404547967407
57,48.38841898392515,6,0.18666667,150,4.628848515738929,0.002798195628106202,4.626050320110823,0.31894446752573313
58,66.3503408459058,8,0.27555555,150,4.529778467123641,0.01467785310294283,4.515100614020699,0.295435949179687
59,46.76933028594935,8,0.23555556,150,4.793874766518313,0.013362018722354582,4.780512747795958,0.2851174634538199
60,49.8807397864586,7,0.26222223,150,5.019599394113022,-0.0010412787087261677,5.020640672821748,0.2814331505643694
61,49.32006295659324,6,0.20888889,150,4.6780363899827195,-0.010753660009389645,4.68879004999211,0.2687187275212062
62,41.74327051436667,4,0.17333333,150,5.345746431113711,0.025817763066458468,5.319928668047252,0.25822576037363004
63,46.6794643122826,11,0.28,150,4.929964936350619,-0.001128911714706766,4.931093848065326,0.2537065372851334
64,10.0858780051408,5,0.14666666,150,6.667524718581454,-0.01475762100400109,6.682282339585455,0.26066435971542407
65,61.102410698422005,10,0.28444445,150,4.640007182729039,0.006710145591856225,4.633297037137182,0.258874686434865
66,27.77632798354363,5,0.15555556,150,4.7277915337196506,-0.0007779197644834456,4.728569453484134,0.2627956711344029
67,59.08839712928173,8,0.2488889,150,5.055985050594532,0.02303465713109625,5.032950393463436,0.2552118877831258
68,51.446207640426046,6,0.2488889,150,4.821483723420993,0.005996469598214485,4.815487253822778,0.27130945477830737
69,52.97764820367494,8,0.23111111,150,3.2990549240371605,0.017598268459551036,3.2814566555776095,0.2460964070142884
70,36.098952834838464,7,0.21333334,150,4.3756272905432665,-0.009658573991864136,4.385285864535131,0.2336641085383139
71,13.851460565553788,5,0.16444445,150,4.227820409032957,0.019541490296097964,4.208278918736859,0.24996665571081012
72,61.531684213060394,7,0.21777777,150,5.2272031204560525,0.01670017517723241,5.2105029452788205,0.2383415200012295
73,9.922193139796278,5,0.13777778,150,5.294457489146704,0.0059211593439900565,5.288536329802714,0.21441451362089106
74,34.112751113382416,6,0.21333334,150,5.0864188711979965,0.0073555364506319165,5.079063334747365,0.2085749012859244
75,56.54331681756424,6,0.21777777,150,3.505205096260301,0.013726664094352409,3.491478432165949,0.21242277373216653
76,42.249205108902046,8,0.2,150,4.735310956137255,0.005441105765241541,4.729869850372014,0.19847688029863333
77,55.60745315588214,8,0.23111111,150,4.809681794734819,0.0169818734468304,4.792699921287988,0.21672147659486846
78,29.791957618555507,5,0.13333334,150,4.376634844480769,0.008781388058866324,4.367853456421902,0.19667677012713333
79,67.31623437639448,8,0.25333333,150,4.273037176671144,0.014523978584053876,4.25851319808709,0.1862006024702599
80,68.11048140255309,9,0.29777777,150,4.260492340214306,-0.005467551619451689,4.265959891833757,0.18815968048415685
81,30.940153542528577,7,0.20888889,150,4.754079635377582,-0.0018383960827792947,4.755918031460361,0.19209754535634266
82,30.473087685704975,4,0.11111111,150,6.128120551798737,0.013558727376604159,6.114561824422133,0.19888470508158207
83,24.99377191711843,5,0.16,150,4.568993099088977,0.019790780050434956,4.5492023190385416,0.18895640185004786
84,67.00832544751447,7,0.27555555,150,4.659525282766768,-0.007927083961763665,4.667452366728532,0.19362467404847084
85,65.99286584570038,8,0.27555555,150,4.37596900229906,0.0006284193981340841,4.375340582900925,0.17445136234164238
86,62.01874099345797,5,0.16,150,4.372975093447359,-0.004557769855876502,4.377532863303235,0.20494786698959375
87,50.57093522153867,7,0.20888889,150,4.266338070070273,-0.011046742040075753,4.277384812110348,0.20275751893457614
88,56.26577339709499,5,0.16888888,150,4.662440783050108,0.012412883684431253,4.650027899365676,0.20736629996252687
89,23.360660520036856,4,0.12,150,4.947378475396698,-0.006669034317478929,4.954047509714177,0.20656500197947025
90,58.41811608401758,7,0.28,150,4.4382705920265595,0.0027583567364337412,4.435512235290126,0.21462792207143808
91,18.64431264021575,5,0.20888889,150,4.143842508605878,0.007112607831674579,4.136729900774203,0.20939862169325352
92,61.82000683443285,7,0.21333334,150,4.281787369927195,0.005359579404619963,4.276427790522575,0.20073860471970156
93,11.434447971102069,5,0.14666666,150,4.535818382803547,-0.0004205322383265746,4.536238915041873,0.20186243774859527
94,66.53314080732774,7,0.28444445,150,4.2929091326659545,0.009584739663344072,4.28332439300261,0.2034116217768506
95,21.748932819031435,6,0.18666667,150,4.799266857088935,0.01304114055452182,4.786225716534414,0.20000594844551464
96,30.080733568443364,3,0.07111111,150,4.445798628142495,-0.01031858698268862,4.456117215125184,0.1908086346168267
97,48.01756451205348,6,0.20888889,150,4.2323153376867255,-0.004258164734653148,4.236573502421379,0.20793649073886245
98,66.1141396459181,7,0.25333333,150,3.8692555490415543,0.018785014760827546,3.850470534280727,0.19321887146093344
99,72.12037341925769,7,0.2888889,150,4.27525913752738,-0.008997818767583292,4.284256956294963,0.20646694018260428
100,73.6736718490113,13,0.37333333,150,3.2173353105991787,-0.002523818904975135,3.2198591295041536,0.19839408189842575
101,64.19857748374258,10,0.28,150,4.506106626977654,-0.004220269081231795,4.510326896058886,0.19022094683819696
102,59.670195091769635,6,0.20444444,150,4.728716659096167,-0.009965936426612499,4.73868259552278,0.189230908688746
103,52.589745978640984,7,0.25333333,150,3.584559718630963,-0.00900650142667521,3.593566220057638,0.20355281498479216
104,61.22622175487644,6,0.21333334,150,4.489947065355648,0.005162062258214543,4.484785003097434,0.21110931146693857
105,52.43151090261042,6,0.2,150,3.4406173209335016,0.0020109152047600794,3.4386064057287418,0.20777780209716998
106,43.786348269116,11,0.28,150,3.4803291184362024,0.0012820956762880087,3.4790470227599144,0.20430111963497966
107,74.29175982242523,8,0.2711111,150,4.282324549147712,0.017309381522385304,4.265015167625327,0.20402427027492145
108,46.572553549779116,7,0.25777778,150,3.384844966882252,0.006376373789910423,3.3784685930923413,0.20490850743494535
109,68.06795883086936,5,0.22222222,150,4.057988769668889,0.0007305762387420002,4.0572581934301475,0.21447183789783403
110,0.6861764923067084,6,0.14222223,150,4.605414033101528,0.012020441427777865,4.593393591673751,0.19496721342990272
111,57.93841235902318,6,0.19111112,150,3.4598011233794845,0.023899589371132225,3.4359015340083525,0.20214140954378404
112,46.680435539033745,13,0.34666666,150,4.3103775550292704,-0.01170760985022705,4.322085164879498,0.2075256562154544
113,70.71874792175724,8,0.29333332,150,3.690975810272472,0.012423588961705957,3.678552221310766,0.20116544230596015
114,46.36354747196536,8,0.26666668,150,4.11198204010725,0.0187714903762466,4.093210549731004,0.1857410242879077
115,16.355876589169384,8,0.19111112,150,4.132351965637338,0.010360257546907585,4.121991708090431,0.20631700891413188
116,47.995310448247736,6,0.21333334,150,4.98224521702229,0.0275033735853963,4.954741843436894,0.1861092744297103
117,67.96742228549488,4,0.19555555,150,4.125654353496716,-0.008305110839979821,4.133959464336696,0.18744619965161147
118,60.31141560712227,6,0.2,150,4.395331055832733,0.0428669046071407,4.352464151225592,0.16391420521234212
119,66.49214768945203,8,0.2711111,150,2.9146991347845055,0.0008090161228258358,2.91389011866168,0.17011705491887896
120,65.60798752036573,8,0.26222223,150,3.6872960175019935,0.012509481184870788,3.674786536317123,0.17273606845226727
121,10.23606901377783,4,0.11111111,150,3.6445376382233867,-0.007265279620983883,3.6518029178443707,0.1706639350833077
122,24.02515284947337,5,0.13777778,150,4.230711443031109,0.012139425637494577,4.2185720173936145,0.17360627964923256
123,27.41968299166448,5,0.19555555,150,3.99166408197121,-0.0029209866311008994,3.9945850686023108,0.1672377058451897
124,10.80663727778295,8,0.2,150,3.832089308159132,-0.005724663699143811,3.8378139718582758,0.17228097890160585
125,43.227376591538196,3,0.08888889,150,3.686827200709989,0.004350319406703899,3.6824768813032853,0.18378406782683573
126,46.42968495108489,6,0.21777777,150,4.084471108122288,0.010369009117742902,4.074102099004545,0.17125529384142474
127,64.05956865135295,7,0.21777777,150,3.9925262348383272,-0.005152048959739898,3.9976782837980673,0.17041921885193964
128,40.37629345112842,7,0.20888889,150,3.293156649997017,-0.005476117642645381,3.298632767639662,0.15663272809041173
129,45.546568414419006,8,0.29333332,150,3.757932145601923,0.006325177713542392,3.7516069678883803,0.165401015136587
130,73.91327897959441,4,0.2,150,4.24629440442904,-0.006454138281313996,4.252748542710354,0.1817674558413656
131,37.627132661184625,8,0.26222223,150,3.8582214736379683,0.019975899841244284,3.838245573796724,0.1801570385302368
132,48.69211812944578,8,0.25333333,150,3.266622648390598,0.0027329250802531056,3.263889723310345,0.1753630335197637
133,68.94149969399334,6,0.23111111,150,3.8434130812590745,0.030336245545186102,3.8130768357138884,0.16705830689323575
134,52.44268056470933,3,0.18666667,150,3.7920344262690233,-0.0006226353580132127,3.7926570616270365,0.1670746263606768
135,65.00426088740244,8,0.27555555,150,3.3957803995152447,0.012082198022031471,3.383698201493213,0.17024506040309606
136,71.96373139581435,7,0.30222222,150,3.4739183976351726,0.005753381931419044,3.4681650157037534,0.17168124745550908
137,39.44614061895637,3,0.14222223,150,3.7808978279782948,-0.004251016928863369,3.7851488449071584,0.16291475952848009
138,-3.7013593358758,6,0.15111111,150,3.413651546530769,0.0038096086845096004,3.409841937846259,0.15586675551572912
139,62.01613098629669,8,0.23111111,150,3.62224133767641,-0.004183517631118823,3.626424855307529,0.1718907019515571
140,69.36831999589839,13,0.3422222,150,4.067170083859788,0.030805331648719545,4.036364752211068,0.18145791480415746
141,56.26442109457871,3,0.11111111,150,3.7172947497670785,0.005067357413568779,3.7122273923535096,0.1730325388673105
142,63.54540437816237,3,0.10666667,150,3.484682838389601,0.00014368484507461913,3.4845391535445263,0.16086093669659213
143,59.876956435503104,5,0.17333333,150,5.054469918372649,0.009534326461633961,5.044935591911015,0.1698161513593636
144,75.0,8,0.26666668,150,3.3495312594367483,0.004897537053023514,3.344633722383725,0.16638667209956207
145,70.83468644296848,9,0.31111112,150,3.4314024884094434,-0.008594281928564765,3.4399967703380083,0.1689682662683098
146,75.0,8,0.30222222,150,3.808959118262129,0.005054477430684001,3.8039046408314454,0.16983745051057716
147,40.03060441657721,8,0.25777778,150,3.5496195165400612,0.005732940103993506,3.543886576436068,0.1673740256871832
148,52.21031563328926,5,0.16,150,3.340848100843447,-0.008660831703118196,3.3495089325465655,0.16644289158284664
149,68.91283989640958,8,0.28,150,4.010085666913686,0.008734676662195278,4.001350990251491,0.16743038168275043
150,67.71274402950968,7,0.23555556,150,3.1212377949299195,0.02405738880808808,3.097180406121831,0.15904610211911954
151,68.0,5,0.24444444,150,3.420388186172778,-0.007412290378277631,3.427800476551056,0.1529957330050437
152,56.21088942951232,9,0.26666668,150,3.591702451831416,-0.001616609331808592,3.593319061163225,0.16189272858594594
153,71.98927515566575,6,0.2711111,150,4.021566705796623,0.027555938534389594,3.994010767262233,0.15949849637323305
154,56.65835218668527,12,0.36444443,150,3.184779400226513,-0.0013469691682410868,3.186126369394754,0.15250725235397877
155,48.80134002867056,6,0.21777777,150,3.989145044672401,0.007790341427990873,3.98135470324441,0.16179640189205347
156,74.64092057709439,14,0.46222222,150,4.075457335964433,0.01711751900515274,4.058339816959281,0.16300768106195487
157,68.7168320913576,8,0.28444445,150,3.898648260502868,-0.007779588777339086,3.906427849280207,0.15314066728675052
158,39.13157481522468,4,0.08888889,150,3.2238672193152045,0.005125042032695522,3.218742177282509,0.15501624032070763
159,65.71778374192832,8,0.29777777,150,3.907886435106201,-0.003980794455856085,3.911867229562057,0.1434616122983004
160,74.1476074459875,9,0.36,150,3.3677607964859098,0.003447665777792664,3.3643131307081173,0.1533370817472276
161,69.31200713861122,9,0.37777779,150,3.697794773383066,-0.006144167647059811,3.7039389410301258,0.16575366611543454
162,67.00104378988233,7,0.25777778,150,3.5838096564402804,-0.007417111112245996,3.5912267675525262,0.162472730992656
163,67.56503178383727,7,0.21777777,150,3.1178822931833565,0.032394740019777886,3.0854875531635786,0.15150499417397537
164,54.50834902712959,7,0.19555555,150,3.1160243861132155,0.009840341162328658,3.106184044950887,0.12908338358331667
165,26.859525299357884,9,0.24444444,150,3.9774322713921335,-0.00016282339531340097,3.977595094787447,0.14442068465838306
166,45.63122668346454,6,0.14666666,150,3.6928154940618887,-0.0017297012290280116,3.694545195290917,0.14449756783678344
167,58.11058540743424,5,0.16444445,150,3.1235513205878975,0.018244979128020963,3.1053063414598765,0.14028565664040415
168,73.23474183256369,8,0.33333334,150,3.7402826837741916,-0.004704171111562142,3.7449868548857537,0.146091401233877
169,62.12324822332687,2,0.09777778,150,3.5169973545278865,0.012021605054063625,3.504975749473823,0.12952336399374823
170,-20.207578565783592,5,0.14222223,150,2.7337448633962165,0.0033729909429032552,2.730371872453313,0.13295754305038013
171,69.80374401964528,9,0.31555554,150,3.415046161420545,0.001866157595558386,3.413180003824987,0.13104860661061188
172,34.83416264328474,9,0.26666668,150,3.6450555756884184,0.008679670036623352,3.636375905651795,0.13224789407104254
173,42.211768577028664,4,0.16,150,3.1373144952813163,0.0051442588569204275,3.132170236424396,0.12261871674931363
174,49.89358701579596,6,0.23555556,150,3.2560887739037803,0.0037282731163462528,3.2523605007874337,0.12749278976729042
175,47.97559209301625,6,0.23555556,150,3.073623034067599,0.005111219012178481,3.0685118150554205,0.12146391155884455
176,67.61566617017985,7,0.2888889,150,3.1538321100616535,-0.0018536115898505638,3.155685721651504,0.1418494462574783
177,60.28920808676455,5,0.22666667,150,3.386149559794974,0.016264113585317607,3.3698854462096564,0.1310799265476434
178,72.49960906281761,5,0.25333333,150,3.1276925680423644,-0.006279543458827232,3.133972111501192,0.12402802294022158
179,50.12721465864991,6,0.22666667,150,3.1254583154866276,0.019390780362300575,3.106067535124327,0.12282525919573872
180,66.07425720539501,5,0.25333333,150,2.9598205739901844,0.002855721603784906,2.9569648523863994,0.12726113322730126
181,68.58203041268916,6,0.28,150,2.8663467086643273,-0.00043078706183127666,2.8667774957261587,0.13457965664565563
182,59.44523440917701,8,0.25777778,150,3.6002496300681837,-0.0003382986975147536,3.6005879287656986,0.13222702832794503
183,74.34340131449758,11,0.37777779,150,2.8741707147442197,0.007808092050254345,2.8663626226939654,0.12743434275647528
184,72.68771722832616,9,0.31111112,150,3.8247374488151094,-0.004050262290739307,3.8287877111058486,0.12762748548074773
185,67.34077323084308,6,0.30222222,150,3.0877739397845674,-0.00013977691751757733,3.0879137167020847,0.12032507982497152
186,47.310156611441194,6,0.17777778,150,3.41164065030477,0.00839087009846576,3.4032497802063038,0.13057110541941305
187,65.34559970349483,5,0.22222222,150,,,,
188,22.232773295433432,6,0.17777778,150,,,,
189,41.65478732958221,6,0.20888889,150,,,,
190,65.43985674027152,8,0.23555556,150,,,,
191,72.62891237455803,4,0.15111111,150,,,,
192,66.83173217631023,8,0.28444445,150,,,,
193,68.62987858678042,3,0.22666667,150,,,,
194,14.796950676700579,7,0.15555556,150,,,,
195,68.34008050559994,3,0.115555555,150,,,,
196,68.68320822077858,6,0.28444445,150,,,,
197,68.64906978745523,15,0.39555556,141,,,,
198,37.39693078792259,5,0.2,150,,,,
199,73.433430228958,4,0.22666667,150,,,,
200,73.09341815687785,10,0.32444444,150,,,,
201,65.46376525027738,6,0.19111112,150,,,,
202,67.32028126537608,5,0.26666668,150,,,,
203,30.38008759809543,4,0.16,150,,,,
204,17.427741253579125,4,0.12,150,,,,
205,60.07896557453066,6,0.2711111,150,,,,
206,66.57646629945951,5,0.18222222,150,,,,
207,72.0599955580241,7,0.24,150,,,,
208,44.37772475127169,6,0.16,150,,,,
209,25.8729555326386,6,0.14666666,150,,,,
210,71.61023077018349,8,0.31555554,150,,,,
211,49.83355235691886,11,0.31555554,150,,,,
212,71.20548983092885,8,0.29333332,150,,,,
213,60.17330029418453,7,0.2488889,150,,,,
214,28.532594226582766,11,0.31111112,150,,,,
215,70.13788925812436,8,0.2711111,150,,,,
216,23.71028082120403,5,0.19555555,150,,,,
217,74.0533025976735,8,0.23555556,150,,,,
218,39.70928469321309,8,0.25777778,150,,,,
219,35.611344189904734,5,0.17333333,150,,,,
220,29.460802154297596,6,0.18666667,150,,,,
221,73.90483258121434,6,0.19111112,150,,,,
222,43.878969922621145,4,0.13777778,150,,,,
223,72.56695906186603,9,0.3422222,150,,,,
224,46.725686692173916,4,0.12444445,150,,,,
225,60.885250304951704,6,0.17777778,150,,,,
226,60.32763591037859,4,0.13777778,150,,,,
227,34.92596379772828,3,0.12,150,,,,
228,58.58472832950676,5,0.22666667,150,,,,
229,60.10641988375028,7,0.24,150,,,,
230,44.66238597129106,8,0.24,150,,,,
231,64.88393430052959,5,0.19555555,150,,,,
232,65.82874167578296,10,0.34666666,150,,,,
233,18.707370968565634,5,0.17777778,150,,,,
234,59.41230453666294,12,0.33777776,150,,,,
235,72.44256904978351,11,0.40888888,150,,,,
236,58.38373231683413,8,0.29333332,150,,,,
237,55.77399106094237,8,0.25333333,150,,,,
238,68.68072327855344,3,0.11111111,150,,,,
239,70.1083722106787,5,0.23555556,150,,,,
240,62.99202730523021,7,0.25777778,150,,,,
241,71.26961179198918,6,0.31111112,150,,,,
242,71.31015982367825,6,0.22666667,150,,,,
243,9.009925912568463,4,0.14222223,150,,,,
244,52.04671043081665,6,0.18222222,150,,,,
245,36.731609319486076,5,0.18222222,150,,,,
246,39.660433879812956,9,0.26666668,150,,,,
247,62.90437227857019,5,0.20888889,150,,,,
248,-0.9691190419268345,6,0.18222222,150,,,,
249,44.91654879292329,7,0.22222222,150,,,,
250,74.24416221441722,8,0.24,150,,,,
251,67.26981771788358,8,0.25777778,150,,,,
252,47.125099578472316,5,0.18666667,150,,,,
253,75.0,6,0.2711111,150,,,,
254,69.13737424148164,7,0.24444444,150,,,,
255,24.023416040219047,5,0.2,150,,,,
256,46.18872147997564,8,0.25333333,150,,,,
257,42.17925756571114,8,0.26222223,150,,,,
258,59.70932632050456,6,0.19555555,150,,,,
259,-10.277669885523492,5,0.15111111,150,,,,
260,58.86899106976578,11,0.29777777,150,,,,
261,47.59720518781668,4,0.12444445,150,,,,
262,52.6067045913084,8,0.24444444,150,,,,
263,52.64423876410695,4,0.18222222,150,,,,
264,-10.69615820351552,5,0.16,150,,,,
265,-13.093495915726425,6,0.16444445,150,,,,
266,45.387072407989734,7,0.25333333,150,,,,
267,73.0,6,0.28,150,,,,
268,23.923781698126497,7,0.22222222,150,,,,
269,33.32569265077509,5,0.14222223,150,,,,
270,61.73306872017802,7,0.2711111,150,,,,
271,65.89502480370365,10,0.30666667,150,,,,
272,65.41307678045087,8,0.27555555,150,,,,
273,35.45398807107338,6,0.16444445,150,,,,
274,51.37760706469102,8,0.2711111,150,,,,
275,63.56133589882501,8,0.21333334,150,,,,
276,50.1071952245603,6,0.22222222,150,,,,
277,24.55870782074167,7,0.24,150,,,,
278,19.176774418453086,6,0.14666666,150,,,,
279,73.87747472194893,14,0.38666666,150,,,,
280,73.01657871531161,14,0.38222224,150,,,,
281,48.73907440121315,6,0.22222222,150,,,,
282,5.721937058138806,7,0.18222222,150,,,,
283,65.05313622420819,7,0.30666667,150,,,,
284,48.902574681664646,8,0.23555556,150,,,,
285,14.036362604485483,5,0.14222223,150,,,,
286,51.49909131053003,11,0.26222223,150,,,,
287,66.07783085998116,7,0.2711111,150,,,,
288,38.295189431627094,7,0.25333333,150,,,,
289,50.7554832775865,9,0.2711111,150,,,,
290,9.61177750027738,6,0.19111112,150,,,,
291,57.65476926110891,6,0.17777778,150,,,,
292,18.588400404776333,8,0.21333334,150,,,,
293,52.734369512115244,8,0.30222222,150,,,,
294,21.33870550407839,7,0.14222223,150,,,,
295,12.244674924538675,8,0.18666667,150,,,,
296,15.87569351473454,7,0.21777777,150,,,,
297,47.14337712530739,7,0.23111111,150,,,,
298,12.086204002880216,8,0.17777778,150,,,,
299,17.01659492708895,10,0.2888889,150,,,,
300,39.67510032845108,4,0.18222222,150,,,,
301,35.68206159642321,7,0.23555556,150,,,,
302,31.396615229060274,6,0.21777777,150,,,,
303,66.77385688023423,8,0.25777778,150,,,,
304,29.917158485964215,7,0.23111111,150,,,,
305,26.635632225411182,5,0.17333333,150,,,,
306,35.09434356549532,5,0.16888888,150,,,,
307,7.896348276989034,3,0.08888889,150,,,,
308,31.52695669120434,8,0.20888889,150,,,,
309,39.617578013118155,6,0.15111111,150,,,,
310,8.522465054299944,7,0.22222222,150,,,,
311,17.165280907656612,5,0.13777778,150,,,,
312,69.89607892794051,5,0.20444444,150,,,,
313,56.14813871922376,8,0.23555556,150,,,,
314,30.15857619524983,6,0.16888888,150,,,,
315,59.76434351796666,12,0.33333334,150,,,,
316,1.6728727376247239,7,0.16444445,150,,,,
317,-14.314129103736994,4,0.093333334,150,,,,
318,57.71026121388245,11,0.30666667,150,,,,
319,63.56529136434667,9,0.2888889,150,,,,
320,6.178312825301404,7,0.19111112,150,,,,
321,56.99294406591641,8,0.21333334,150,,,,
322,16.73612469263129,8,0.21333334,150,,,,
323,18.283731089402885,8,0.21333334,150,,,,
324,25.663112352260143,8,0.23111111,150,,,,
325,1.545643370188647,5,0.14222223,150,,,,
326,20.201097361315135,7,0.16888888,150,,,,
327,33.261178226812866,5,0.19555555,150,,,,
328,15.477160308452003,4,0.16444445,150,,,,
329,69.50750286416053,10,0.34666666,150,,,,
330,72.16897917958204,6,0.26666668,150,,,,
331,43.73968931908961,9,0.25777778,150,,,,
332,42.44899067818937,7,0.25333333,150,,,,
333,-15.792321164536828,4,0.11111111,150,,,,
334,25.16245694056362,6,0.15111111,150,,,,
335,22.678297071231334,8,0.22222222,150,,,,
336,-4.1689960593411834,6,0.14222223,150,,,,
337,40.136666232293955,7,0.15555556,150,,,,
338,31.95859052470962,9,0.22666667,150,,,,
339,-10.714289812606197,7,0.15555556,150,,,,
340,23.625884273034337,5,0.16,150,,,,
341,52.600186972804465,6,0.16444445,150,,,,
342,20.574953536257812,5,0.15111111,150,,,,
343,37.905759820498865,11,0.26666668,150,,,,
344,59.77229752395969,5,0.13333334,150,,,,
345,46.439612221873034,4,0.08888889,150,,,,
346,13.00841797739638,4,0.115555555,150,,,,
347,49.91726310208237,2,0.08,150,,,,
348,27.321802376973082,5,0.14222223,150,,,,
349,-16.919641592007334,5,0.10666667,150,,,,
350,-25.138526631357855,4,0.08888889,150,,,,
351,3.727739661903036,6,0.13333334,150,,,,
352,-4.180747196349438,3,0.057777777,150,,,,
353,-24.544387368087243,5,0.115555555,150,,,,
354,55.63447142544781,15,0.3288889,113,,,,
355,-8.818198032257612,7,0.12888889,150,,,,
356,59.470166118152186,13,0.37777779,150,,,,
357,61.4408337775744,15,0.36,138,,,,
358,9.872203387910432,5,0.12444445,150,,,,
359,46.93111466193072,7,0.18222222,150,,,,
360,59.91010717986142,10,0.29777777,150,,,,
361,27.89578323852378,5,0.14666666,150,,,,
362,39.124210956820434,9,0.24,150,,,,
363,16.31117575612455,7,0.2,150,,,,
364,70.2804533068756,12,0.32,150,,,,
365,-20.549672294415437,5,0.08444444,150,,,,
366,51.04390281765618,8,0.2,150,,,,
367,31.652788706055823,7,0.20444444,150,,,,
368,43.5,15,0.3288889,87,,,,
369,-15.410524229775488,5,0.09777778,150,,,,
370,54.35881793837469,15,0.3511111,115,,,,
371,65.05476280348736,6,0.23555556,150,,,,
372,22.01638081733325,6,0.17333333,150,,,,
373,-10.10568623104992,7,0.16,150,,,,
374,43.716513438924196,9,0.23555556,150,,,,
375,-21.589030340238168,6,0.14666666,150,,,,
376,66.89363078461744,12,0.34666666,150,,,,
377,20.87739501681508,3,0.093333334,150,,,,
378,41.257397021889034,5,0.13333334,150,,,,
379,-5.974054214295361,3,0.062222224,150,,,,
380,45.504432346553585,13,0.32444444,150,,,,
381,50.47689349363934,15,0.34666666,138,,,,
382,4.191926911431212,3,0.062222224,150,,,,
383,19.71311555489147,5,0.14666666,150,,,,
384,-6.955341266949221,3,0.07111111,150,,,,
385,62.97161436339538,12,0.34666666,150,,,,
386,-9.316028324284286,6,0.14222223,150,,,,
387,-15.494977343926019,7,0.12888889,150,,,,
388,9.704695363726316,8,0.23555556,150,,,,
389,26.407513192633086,8,0.23111111,150,,,,
390,0.04831070441394658,7,0.16,150,,,,
391,-30.716076502065576,3,0.062222224,150,,,,
392,42.861568285886925,2,0.08888889,150,,,,
393,35.45078820976268,7,0.16444445,150,,,,
394,53.407350929580424,7,0.21777777,150,,,,
395,18.937391180493584,14,0.30666667,150,,,,
396,62.75481342310556,3,0.12888889,150,,,,
397,14.696546559405192,3,0.093333334,150,,,,
398,31.201737303004826,7,0.18666667,150,,,,
399,-1.1961903992869862,4,0.12,150,,,,
400,6.756279618922562,5,0.13777778,150,,,,
401,-27.14336639496335,5,0.13333334,150,,,,
402,7.124242239679582,4,0.10222222,150,,,,
403,65.76534692872124,15,0.3511111,135,,,,
404,-29.26970056618439,3,0.075555556,150,,,,
405,-30.374485068052994,2,0.06666667,150,,,,
406,-1.8396486828690612,5,0.15111111,150,,,,
407,-33.04057335460599,2,0.04888889,150,,,,
408,-23.02130930321794,5,0.093333334,150,,,,
409,5.19555103156101,7,0.19555555,150,,,,
410,-8.693326105985877,7,0.16888888,150,,,,
411,4.158811420272748,3,0.08,150,,,,
412,4.225312299613863,7,0.16,150,,,,
413,9.835080392934817,7,0.17333333,150,,,,
414,-19.645163068255336,4,0.08,150,,,,
415,10.226499476273577,3,0.075555556,150,,,,
416,9.72348639060721,6,0.13333334,150,,,,
417,55.18167033550703,15,0.33333334,144,,,,
418,57.776620675988454,8,0.22666667,150,,,,
419,1.1793858758344156,3,0.062222224,150,,,,
420,-3.055237667454895,3,0.07111111,150,,,,
421,-15.264823219291564,5,0.10666667,150,,,,
422,-1.2036902881592688,7,0.16444445,150,,,,
423,-8.23937620433464,6,0.12888889,150,,,,
424,-12.655274693478214,1,0.026666667,150,,,,
425,-3.4621320089282035,6,0.15111111,150,,,,
426,-25.139366297875398,6,0.11111111,150,,,,
427,-14.336229525774506,6,0.12,150,,,,
428,-37.92977073186245,4,0.062222224,150,,,,
429,-17.296151337726307,3,0.075555556,150,,,,
430,0.6184738846695534,5,0.17777778,150,,,,
431,-8.955984420737463,6,0.115555555,150,,,,
432,8.404703114895906,4,0.08444444,150,,,,
433,-4.316976444009976,8,0.15111111,150,,,,
434,46.13468695900956,12,0.28,150,,,,
435,-4.703637701245466,6,0.12,150,,,,
436,-7.371950490423174,5,0.11111111,150,,,,
437,-2.151809428801281,6,0.13777778,150,,,,
438,2.380659081366725,2,0.053333335,150,,,,
439,29.68047170225563,8,0.19111112,150,,,,
440,14.373402050872379,3,0.06666667,150,,,,
441,6.19405771649857,5,0.12,150,,,,
442,-17.68051533220909,4,0.06666667,150,,,,
443,-17.262579647614647,6,0.10222222,150,,,,
444,17.71560158160647,5,0.115555555,150,,,,
445,-34.32081367414831,2,0.044444446,150,,,,
446,-0.9543530257486914,6,0.10222222,150,,,,
447,-3.711826490581661,7,0.15111111,150,,,,
448,9.175540606159746,7,0.12444445,150,,,,
449,27.607457371601342,9,0.18666667,150,,,,
450,33.86990144559576,7,0.13777778,150,,,,
451,21.374624110952603,7,0.14666666,150,,,,
452,11.383156507936128,5,0.09777778,150,,,,
453,12.099443328429526,7,0.13333334,150,,,,
454,-8.413760228206431,2,0.044444446,150,,,,
455,3.7442337346093826,3,0.057777777,150,,,,
456,-4.494997995881697,2,0.031111112,150,,,,
457,3.2579904857590556,6,0.10666667,150,,,,
458,21.419820889593172,6,0.12,150,,,,
459,41.47070344421971,5,0.14222223,150,,,,
460,-19.331892442597216,2,0.053333335,150,,,,
461,-6.062862977937658,7,0.14222223,150,,,,
462,20.31701553258051,6,0.12888889,150,,,,
463,-9.455279288276206,3,0.06666667,150,,,,
464,22.819575799360166,8,0.15555556,150,,,,
465,13.054965919410368,7,0.13777778,150,,,,
466,25.4272606213459,2,0.07111111,150,,,,
467,-17.896673125867864,4,0.08888889,150,,,,
468,15.360233716075506,6,0.11111111,150,,,,
469,-1.1157845649142804,5,0.12,150,,,,
470,19.299303170648383,7,0.14222223,150,,,,
471,27.70013665014766,8,0.15111111,150,,,,
472,-3.402957295572257,5,0.11111111,150,,,,
473,32.09647115933249,8,0.17777778,150,,,,
474,-9.831023898494747,2,0.022222223,150,,,,
475,-1.5128448036440378,7,0.11111111,150,,,,
476,1.9032493030773097,6,0.09777778,150,,,,
477,-2.8703093026490087,5,0.093333334,150,,,,
478,-4.606983958118383,5,0.115555555,150,,,,
479,18.86373019637683,4,0.12888889,150,,,,
480,-16.209498404904547,3,0.075555556,150,,,,
481,4.527578216917622,3,0.07111111,150,,,,
482,3.5880680961931475,5,0.093333334,150,,,,
483,20.424190075888802,7,0.15555556,150,,,,
484,-8.121491195264191,3,0.08,150,,,,
485,-1.2998037359342494,2,0.044444446,150,,,,
486,20.14490350085014,8,0.21333334,150,,,,
487,44.176268149475,6,0.14666666,150,,,,
488,1.8118021177309416,6,0.10666667,150,,,,
489,3.6245798973975205,3,0.057777777,150,,,,
490,15.200103086967772,5,0.093333334,150,,,,
491,-3.9094812440848,6,0.10666667,150,,,,
492,-14.803007448483124,3,0.062222224,150,,,,
493,18.9400787496296,5,0.12888889,150,,,,
494,21.895172319054026,7,0.15555556,150,,,,
495,-7.537011113147028,3,0.07111111,150,,,,
496,18.713957395475337,6,0.10222222,150,,,,
497,33.59655935244961,5,0.10222222,150,,,,
498,27.387314418327442,7,0.15111111,150,,,,
499,2.5396110612887046,3,0.057777777,150,,,,
500,51.40878541885408,8,0.17333333,150,,,,
501,1.1501389124308492,3,0.062222224,150,,,,
502,17.480494074160895,7,0.16444445,150,,,,
503,10.482101246718784,3,0.062222224,150,,,,
504,28.484906121399767,4,0.11111111,150,,,,
505,3.3144441888517413,6,0.14666666,150,,,,
506,6.378246288702837,7,0.12888889,150,,,,
507,14.264231027995585,3,0.08,150,,,,
508,28.788999552732008,7,0.15111111,150,,,,
509,5.947433535359114,5,0.10222222,150,,,,
510,15.742119718686311,2,0.044444446,150,,,,
511,-7.596344659423815,4,0.062222224,150,,,,
512,41.349543206817714,8,0.19111112,150,,,,
513,3.7114318605663676,6,0.10666667,150,,,,
514,48.20975826497448,10,0.2488889,150,,,,
515,14.068212399048093,7,0.14666666,150,,,,
516,34.49196713427511,6,0.15555556,150,,,,
517,24.79697115260268,5,0.11111111,150,,,,
518,-6.133236031137084,3,0.057777777,150,,,,
519,-3.123988191473826,6,0.11111111,150,,,,
520,20.72958675237982,7,0.14222223,150,,,,
521,33.74632872051541,2,0.062222224,150,,,,
522,21.75941037007751,7,0.15555556,150,,,,
523,9.822446816477196,2,0.062222224,150,,,,
524,7.604776759900364,3,0.062222224,150,,,,
525,-1.6726770988386157,6,0.11111111,150,,,,
526,25.67225720086195,4,0.12,150,,,,
527,19.327640794730844,7,0.15111111,150,,,,
528,9.447964613888452,5,0.12444445,150,,,,
529,13.697104796535868,5,0.09777778,150,,,,
530,19.699339269157285,4,0.10666667,150,,,,
531,6.595222699843353,3,0.057777777,150,,,,
532,4.741864436930227,2,0.053333335,150,,,,
533,20.504769162194005,5,0.10222222,150,,,,
534,30.22387645085796,2,0.062222224,150,,,,
535,37.21459399288243,8,0.2,150,,,,
536,3.8614352840682127,2,0.062222224,150,,,,
537,-2.3847563337298947,3,0.06666667,150,,,,
538,10.519652454751274,7,0.14666666,150,,,,
539,19.18847400402305,4,0.08888889,150,,,,
540,17.668619798983478,6,0.14666666,150,,,,
541,-0.1460278781607922,3,0.06666667,150,,,,
542,25.146929048191467,7,0.17333333,150,,,,
543,7.013319272968321,5,0.115555555,150,,,,
544,1.2111758587250456,5,0.15111111,150,,,,
545,-15.45327212891413,2,0.053333335,150,,,,
546,-1.5787730831151041,4,0.075555556,150,,,,
547,58.46498008393272,8,0.17333333,150,,,,
548,18.316495547276144,3,0.07111111,150,,,,
549,-0.19205656047020803,6,0.12,150,,,,
550,-0.018819035209133972,4,0.08888889,150,,,,
551,7.818459146786825,2,0.031111112,150,,,,
552,5.863129136104867,5,0.093333334,150,,,,
553,3.451536762803869,7,0.12444445,150,,,,
554,14.979147765952963,5,0.09777778,150,,,,
555,9.090994310687577,6,0.10222222,150,,,,
556,17.446630227697696,3,0.08,150,,,,
557,13.726281047943502,6,0.10222222,150,,,,
558,13.600163739317118,6,0.10666667,150,,,,
559,12.377836157668089,3,0.062222224,150,,,,
560,-1.9521514886817553,4,0.08888889,150,,,,
561,18.762730629076472,6,0.12444445,150,,,,
562,42.88788291090581,7,0.15555556,150,,,,
563,7.729012268803677,2,0.044444446,150,,,,
564,24.068872961175412,3,0.06666667,150,,,,
565,61.34648847600616,12,0.28444445,150,,,,
566,6.477653598555765,3,0.075555556,150,,,,
567,26.050123190935174,3,0.062222224,150,,,,
568,22.36303107240357,6,0.12888889,150,,,,
569,16.229799708992907,2,0.053333335,150,,,,
570,44.79041044931709,8,0.20444444,150,,,,
571,30.43300992792472,6,0.14222223,150,,,,
572,14.208527617745553,2,0.06666667,150,,,,
573,28.19308762991433,3,0.08444444,150,,,,
574,20.583904111215286,6,0.12888889,150,,,,
575,12.489756623198708,3,0.08888889,150,,,,
576,11.606318906184129,3,0.057777777,150,,,,
577,24.56607636786483,6,0.16444445,150,,,,
578,-1.8543647962054273,2,0.062222224,150,,,,
579,15.596315425607877,1,0.07111111,150,,,,
580,6.407596089848351,3,0.057777777,150,,,,
581,-5.416602754772942,5,0.10666667,150,,,,
582,0.9997242135937761,2,0.035555556,150,,,,
583,7.750107615898795,5,0.08888889,150,,,,
584,17.362540420727466,2,0.057777777,150,,,,
585,22.86246833905681,5,0.13777778,150,,,,
586,12.851953852672697,2,0.053333335,150,,,,
587,9.292727870780325,6,0.115555555,150,,,,
588,6.104586014426051,3,0.06666667,150,,,,
589,8.886961192095594,5,0.115555555,150,,,,
590,-7.183739642178152,3,0.044444446,150,,,,
591,42.64026944280489,8,0.18222222,150,,,,
592,42.421507390599274,5,0.14666666,150,,,,
593,45.21808632367694,5,0.12888889,150,,,,
594,29.32315448774182,4,0.08888889,150,,,,
595,26.26487822891054,2,0.075555556,150,,,,
596,33.312195730579674,7,0.14666666,150,,,,
597,23.121383328618542,5,0.10666667,150,,,,
598,17.65447493751706,5,0.09777778,150,,,,
599,62.61550762429875,13,0.31111112,150,,,,
600,-1.0666178389230367,3,0.057777777,150,,,,
601,23.010537091431953,2,0.06666667,150,,,,
602,2.7955490625844472,2,0.04,150,,,,
603,26.59127211893442,4,0.093333334,150,,,,
604,18.429491336018273,5,0.093333334,150,,,,
605,14.929725902692986,2,0.057777777,150,,,,
606,17.65819929992169,2,0.062222224,150,,,,
607,23.870851808298262,5,0.10666667,150,,,,
608,14.689690894575953,5,0.10222222,150,,,,
609,3.709400769398899,3,0.057777777,150,,,,
610,6.486684405676204,2,0.026666667,150,,,,
611,6.2019275035857895,2,0.06666667,150,,,,
612,51.88010650499794,15,0.33777776,146,,,,
613,20.93305249533027,3,0.08444444,150,,,,
614,17.58292695610604,3,0.08,150,,,,
615,9.719577828033806,2,0.044444446,150,,,,
616,18.24116325047701,3,0.093333334,150,,,,
617,25.3317143304429,8,0.16888888,150,,,,
618,-16.45400603113648,3,0.053333335,150,,,,
619,42.066384993200884,9,0.22666667,150,,,,
620,18.196459553750692,6,0.12,150,,,,
621,19.949936355924308,5,0.115555555,150,,,,
622,10.393485749537362,5,0.10666667,150,,,,
623,10.982879848727208,6,0.13333334,150,,,,
624,49.00997717917076,6,0.13333334,150,,,,
625,16.441877580040597,7,0.16444445,150,,,,
626,20.984955942446845,5,0.10666667,150,,,,
627,5.525211181732878,2,0.053333335,150,,,,
628,17.604998288398473,3,0.057777777,150,,,,
629,21.67587716811131,8,0.16,150,,,,
630,13.967790255081614,5,0.09777778,150,,,,
631,69.087680426509,13,0.30222222,150,,,,
632,36.90449985060948,6,0.12444445,150,,,,
633,19.22844684176665,2,0.053333335,150,,,,
634,3.0438278028913075,2,0.026666667,150,,,,
635,34.79647471136961,8,0.16444445,150,,,,
636,33.74588085019849,7,0.16,150,,,,
637,17.388404447662374,6,0.11111111,150,,,,
638,18.86532626874499,6,0.12444445,150,,,,
639,4.558624723882033,6,0.16444445,150,,,,
640,9.363665152996763,4,0.08444444,150,,,,
641,45.9049802484913,7,0.17333333,150,,,,
642,3.622092006406735,3,0.08444444,150,,,,
643,60.78802136555739,14,0.36,150,,,,
644,6.462301863741299,8,0.16,150,,,,
645,12.214890519383236,3,0.06666667,150,,,,
646,26.577801349053644,8,0.16444445,150,,,,
647,2.9449419492508824,4,0.08444444,150,,,,
648,4.424233684717738,6,0.14666666,150,,,,
649,60.97839713899009,7,0.19111112,150,,,,
650,26.5487580622543,7,0.15111111,150,,,,
651,36.26632176861818,3,0.12888889,150,,,,
652,16.983217380239054,8,0.17333333,150,,,,
653,22.919367887721755,5,0.10222222,150,,,,
654,35.06417303393245,6,0.18666667,150,,,,
655,7.9426441276047655,2,0.022222223,150,,,,
656,13.058773509094284,6,0.12888889,150,,,,
657,27.781055227148848,4,0.13777778,150,,,,
658,37.614872118772865,8,0.20444444,150,,,,
659,21.98073836023777,4,0.08444444,150,,,,
660,63.646567388312064,13,0.31111112,150,,,,
661,43.46355543486975,2,0.075555556,150,,,,
662,52.386803805649784,5,0.13777778,150,,,,
663,36.439284606989716,8,0.16,150,,,,
664,36.07226396137277,7,0.17777778,150,,,,
665,5.711109008623019,5,0.09777778,150,,,,
666,37.40038206857387,6,0.14666666,150,,,,
667,7.615381613009337,3,0.08,150,,,,
668,30.249641687619686,9,0.20444444,150,,,,
669,17.15866966052088,1,0.075555556,150,,,,
670,26.463556112686383,5,0.13777778,150,,,,
671,40.15382163756816,7,0.16888888,150,,,,
672,2.878093283739924,2,0.06666667,150,,,,
673,19.20414805012928,5,0.11111111,150,,,,
674,21.40377215910715,5,0.13333334,150,,,,
675,30.417670125846534,9,0.20888889,150,,,,
676,54.59108487177268,12,0.32,150,,,,
677,0.7576540462987627,2,0.04888889,150,,,,
678,15.358512757967688,3,0.07111111,150,,,,
679,50.16035179028941,7,0.2488889,150,,,,
680,1.260668042409959,6,0.115555555,150,,,,
681,45.2516184058784,8,0.2,150,,,,
682,36.152275891973304,8,0.23111111,150,,,,
683,21.68666968513051,7,0.16444445,150,,,,
684,70.17569070119364,13,0.29333332,150,,,,
685,8.67275124104021,3,0.057777777,150,,,,
686,35.509361507789464,6,0.14666666,150,,,,
687,19.673768388039583,6,0.12,150,,,,
688,31.31481791010666,6,0.12888889,150,,,,
689,29.307032821647944,7,0.13777778,150,,,,
690,20.230117043598273,7,0.16,150,,,,
691,72.0,14,0.4,150,,,,
692,16.2301316858422,5,0.115555555,150,,,,
693,36.71973482981216,6,0.16888888,150,,,,
694,19.215839310554152,2,0.062222224,150,,,,
695,49.310321827971066,2,0.06666667,150,,,,
696,6.787494554835822,1,0.044444446,150,,,,
697,2.246199871738991,6,0.11111111,150,,,,
698,8.587900072684931,6,0.12444445,150,,,,
699,12.882183431466721,3,0.062222224,150,,,,
700,14.370556242062733,4,0.08,150,,,,
701,24.231522074098844,2,0.04888889,150,,,,
702,-13.089052120806759,2,0.04,150,,,,
703,18.430032118303856,5,0.10666667,150,,,,
704,12.302284006516878,6,0.115555555,150,,,,
705,27.569255652397423,8,0.18666667,150,,,,
706,25.606456820124045,4,0.11111111,150,,,,
707,6.7175976814721,1,0.04,150,,,,
708,19.361872202203557,2,0.04,150,,,,
709,37.09416372077973,6,0.15111111,150,,,,
710,14.221658905876726,3,0.09777778,150,,,,
711,47.14850249294699,8,0.19111112,150,,,,
712,20.919295115693295,3,0.062222224,150,,,,
713,18.996253952046793,3,0.08,150,,,,
714,17.333125069443003,7,0.14666666,150,,,,
715,29.150425972129,7,0.12,150,,,,
716,17.479057316303802,2,0.06666667,150,,,,
717,38.1376599174128,4,0.12,150,,,,
718,25.874744077884156,2,0.04888889,150,,,,
719,20.68188444696723,5,0.093333334,150,,,,
720,8.400640840941747,2,0.035555556,150,,,,
721,20.51460303197855,3,0.053333335,150,,,,
722,44.06597540606239,7,0.15555556,150,,,,
723,16.040272027951186,1,0.031111112,150,,,,
724,17.208156517509916,3,0.044444446,150,,,,
725,24.296690110088534,4,0.08888889,150,,,,
726,12.919419998215893,1,0.04,150,,,,
727,15.97207768155965,5,0.093333334,150,,,,
728,15.117244513704378,2,0.057777777,150,,,,
729,44.07278363623386,6,0.13333334,150,,,,
730,20.219875754693774,2,0.04,150,,,,
731,19.493649606843327,6,0.12444445,150,,,,
732,58.492636070837754,11,0.24,150,,,,
733,19.877335108821846,5,0.09777778,150,,,,
734,17.7598410557876,1,0.026666667,150,,,,
735,7.081736204181437,2,0.04888889,150,,,,
736,14.16462205567759,1,0.031111112,150,,,,
737,18.72012313873092,3,0.10666667,150,,,,
738,6.0874827761161825,3,0.06666667,150,,,,
739,17.33300607628771,2,0.044444446,150,,,,
740,14.951238431177881,2,0.026666667,150,,,,
741,28.364052728019182,5,0.08888889,150,,,,
742,19.598193780047872,2,0.057777777,150,,,,
743,34.57971162912849,5,0.14666666,150,,,,
744,16.55255401957246,3,0.057777777,150,,,,
745,16.293444447825994,1,0.026666667,150,,,,
746,20.264636983207485,2,0.053333335,150,,,,
747,15.057890183611761,1,0.057777777,150,,,,
748,3.083857328594579,2,0.044444446,150,,,,
749,40.787138700082416,8,0.14666666,150,,,,
750,15.572166929059868,2,0.017777778,150,,,,
751,21.994597841690123,3,0.07111111,150,,,,
752,19.059547064689635,2,0.044444446,150,,,,
753,23.176554770589714,3,0.053333335,150,,,,
754,17.37478409253265,2,0.031111112,150,,,,
755,8.62604386646651,1,0.031111112,150,,,,
756,25.494473202573733,2,0.057777777,150,,,,
757,41.824881561585606,8,0.17777778,150,,,,
758,20.190698832259233,3,0.057777777,150,,,,
759,14.556923240435921,0,0.026666667,150,,,,
760,27.884298294252723,4,0.07111111,150,,,,
761,-0.13690249106938523,3,0.053333335,150,,,,
762,16.02484225996512,1,0.031111112,150,,,,
763,18.604041465126823,2,0.035555556,150,,,,
764,38.20273692208195,5,0.115555555,150,,,,
765,22.93007769657417,1,0.035555556,150,,,,
766,23.343843994524644,1,0.053333335,150,,,,
767,18.21368430256997,7,0.12444445,150,,,,
768,16.406545651763352,1,0.031111112,150,,,,
769,21.473494845911148,1,0.035555556,150,,,,
770,17.555038134196717,0,0.013333334,150,,,,
771,25.74482969272168,5,0.08,150,,,,
772,26.326079208950105,4,0.08,150,,,,
773,14.315890245088575,1,0.013333334,150,,,,
774,36.017754604149026,6,0.12888889,150,,,,
775,16.909608876527486,2,0.04888889,150,,,,
776,17.820857009692716,0,0.013333334,150,,,,
777,19.02787122009617,1,0.026666667,150,,,,
778,15.026682554949588,0,0.022222223,150,,,,
779,13.080898321292054,0,0.008888889,150,,,,
780,2.5458028574619718,1,0.013333334,150,,,,
781,18.24297626326799,1,0.031111112,150,,,,
782,14.24816375191893,0,0.026666667,150,,,,
783,14.915720450511927,0,0.022222223,150,,,,
784,19.083280779698967,1,0.013333334,150,,,,
785,16.420562877257385,1,0.026666667,150,,,,
786,18.275745764767272,1,0.04,150,,,,
787,19.247164540511438,2,0.035555556,150,,,,
788,27.4524666906795,3,0.07111111,150,,,,
789,25.40432257883321,2,0.075555556,150,,,,
790,16.78960193038448,1,0.035555556,150,,,,
791,16.061068398060556,1,0.022222223,150,,,,
792,17.753240380659868,1,0.04,150,,,,
793,20.22492651374714,2,0.035555556,150,,,,
794,11.980702694099815,0,0.0044444446,150,,,,
795,18.873246802357123,2,0.035555556,150,,,,
796,14.312902463819889,0,0.013333334,150,,,,
797,15.821735671985646,1,0.022222223,150,,,,
798,16.08530541924007,0,0.0044444446,150,,,,
799,1.923255297429737,3,0.053333335,150,,,,
800,13.834189239235798,1,0.013333334,150,,,,
801,21.768244283101506,1,0.008888889,150,,,,
802,15.741267208962409,0,0.026666667,150,,,,
803,20.143564348701233,1,0.022222223,150,,,,
804,14.230576966131313,0,0.017777778,150,,,,
805,16.028802723448923,1,0.022222223,150,,,,
806,18.087742863279363,1,0.008888889,150,,,,
807,14.764430110972416,1,0.026666667,150,,,,
808,16.131266619820916,0,0.022222223,150,,,,
809,14.643048969984804,1,0.017777778,150,,,,
810,20.11449445783057,3,0.053333335,150,,,,
811,16.655097060264694,2,0.04888889,150,,,,
812,17.490574494426966,1,0.022222223,150,,,,
813,13.102245687935,1,0.026666667,150,,,,
814,17.549328514974135,1,0.031111112,150,,,,
815,13.899690164059738,1,0.022222223,150,,,,
816,21.382565607202075,0,0.013333334,150,,,,
817,13.390225417455625,1,0.013333334,150,,,,
818,16.032244100421984,1,0.026666667,150,,,,
819,20.220172536303718,1,0.017777778,150,,,,
820,16.854512578959895,0,0.008888889,150,,,,
821,20.64611057931976,2,0.031111112,150,,,,
822,17.558973320950283,0,0.017777778,150,,,,
823,23.593468083773196,2,0.044444446,150,,,,
824,13.956954788077852,0,0.0044444446,150,,,,
825,17.64891160561867,0,0.017777778,150,,,,
826,20.318910607399506,1,0.031111112,150,,,,
827,21.383612712305563,0,0.008888889,150,,,,
828,13.12317579732149,0,0.013333334,150,,,,
829,16.788197706954463,0,0.0044444446,150,,,,
830,16.879692787274,1,0.026666667,150,,,,
831,17.173098344635875,0,0.0044444446,150,,,,
832,21.467921132644374,1,0.017777778,150,,,,
833,20.963828233036864,0,0.013333334,150,,,,
834,15.069345516817702,0,0.013333334,150,,,,
835,11.80804456732449,1,0.017777778,150,,,,
836,12.803618515659071,0,0.008888889,150,,,,
837,17.116535831940432,0,0.022222223,150,,,,
838,16.262083875283686,2,0.031111112,150,,,,
839,16.410934672868297,0,0.013333334,150,,,,
840,12.537296029408537,1,0.013333334,150,,,,
841,19.48773014281746,1,0.031111112,150,,,,
842,16.1756056194869,0,0.017777778,150,,,,
843,15.466306805529548,1,0.013333334,150,,,,
844,16.09537533800618,0,0.008888889,150,,,,
845,19.490990603995886,0,0.008888889,150,,,,
846,15.488966129398555,0,0.013333334,150,,,,
847,16.859199015342757,0,0.008888889,150,,,,
848,22.62941291649573,4,0.062222224,150,,,,
849,12.24437313581743,0,0.0044444446,150,,,,
850,15.022265867235635,0,0.013333334,150,,,,
851,20.759773137810843,1,0.035555556,150,,,,
852,16.834514617644533,0,0.008888889,150,,,,
853,13.614092531947943,1,0.017777778,150,,,,
854,17.55034587748996,1,0.035555556,150,,,,
855,14.616696744627934,0,0.017777778,150,,,,
856,12.348958501966663,0,0.008888889,150,,,,
857,11.276549868322277,0,0.0044444446,150,,,,
858,15.847390641681692,1,0.031111112,150,,,,
859,16.868603277818405,0,0.013333334,150,,,,
860,12.198303096746617,1,0.008888889,150,,,,
861,16.84761212462636,1,0.017777778,150,,,,
862,19.121022596973567,0,0.0044444446,150,,,,
863,14.79027436284997,0,0.0044444446,150,,,,
864,18.181322981665556,0,0.0044444446,150,,,,
865,21.042221010343976,0,0.013333334,150,,,,
866,19.789722110930196,0,0.0044444446,150,,,,
867,16.086751211735127,0,0.013333334,150,,,,
868,13.79944012508685,0,0.0044444446,150,,,,
869,19.671927498138086,0,0.0044444446,150,,,,
870,10.732807580691762,0,0.0044444446,150,,,,
871,17.7827212016112,0,0.013333334,150,,,,
872,13.29253998159965,1,0.017777778,150,,,,
873,12.78824115670875,0,0.008888889,150,,,,
874,17.33439381308349,0,0.008888889,150,,,,
875,16.934894177925344,0,0.013333334,150,,,,
876,15.055417646426449,0,0.0044444446,150,,,,
877,15.774818210855457,0,0.017777778,150,,,,
878,16.213000522299875,0,0.008888889,150,,,,
879,18.079617638141663,0,0.008888889,150,,,,
880,15.630741913582188,0,0.008888889,150,,,,
881,19.552422390131454,1,0.013333334,150,,,,
882,13.648288449794059,0,0.008888889,150,,,,
883,17.303374813367064,0,0.008888889,150,,,,
884,17.208697252503406,1,0.026666667,150,,,,
885,20.46094957725741,1,0.013333334,150,,,,
886,19.259110252072126,0,0.013333334,150,,,,
887,23.511923181804054,1,0.022222223,150,,,,
888,17.31572724552614,0,0.008888889,150,,,,
889,20.184339458193485,0,0.0044444446,150,,,,
890,14.25304298360152,0,0.0044444446,150,,,,
891,12.011798216962475,0,0.008888889,150,,,,
892,19.842391440765514,0,0.0044444446,150,,,,
893,20.776755164987776,0,0.013333334,150,,,,
894,12.4780428611617,0,0.008888889,150,,,,
895,18.667554803799217,0,0.0044444446,150,,,,
896,16.3897539772536,1,0.022222223,150,,,,
897,15.354857872596664,1,0.022222223,150,,,,
898,19.284505215628826,0,0.013333334,150,,,,
899,11.734219756714896,0,0.0044444446,150,,,,
900,20.485996259446626,1,0.017777778,150,,,,
901,18.263472948576183,3,0.04888889,150,,,,
902,18.468062052188532,1,0.017777778,150,,,,
903,12.006143844364917,0,0.008888889,150,,,,
904,12.711099078002537,0,0.0044444446,150,,,,
905,17.992315470543378,0,0.008888889,150,,,,
906,20.461957603508626,0,0.017777778,150,,,,
907,15.10620583768409,0,0.0044444446,150,,,,
908,16.566717074577408,0,0.013333334,150,,,,
909,13.056327786328392,0,0.0044444446,150,,,,
910,12.940077954172263,0,0.008888889,150,,,,
911,17.256615751057787,0,0.0044444446,150,,,,
912,17.233526383680285,0,0.0044444446,150,,,,
913,16.81096781671432,0,0.008888889,150,,,,
914,11.722446387266832,0,0.008888889,150,,,,
915,17.966771250172663,0,0.0044444446,150,,,,
916,12.841657672564587,0,0.013333334,150,,,,
917,12.729258947437419,0,0.008888889,150,,,,
918,16.142712408730745,0,0.008888889,150,,,,
919,20.61308721959521,1,0.026666667,150,,,,
920,18.465178248124985,0,0.008888889,150,,,,
921,11.681789881484939,0,0.0044444446,150,,,,
922,14.994645381911141,0,0.008888889,150,,,,
923,18.275791679498425,0,0.008888889,150,,,,
924,16.005287079084937,0,0.017777778,150,,,,
925,15.240661928948057,0,0.008888889,150,,,,
926,14.120019068218895,1,0.022222223,150,,,,
927,14.535695143811608,1,0.013333334,150,,,,
928,18.61967579945817,0,0.008888889,150,,,,
929,20.81067953923671,0,0.017777778,150,,,,
930,16.89604672729312,1,0.022222223,150,,,,
931,14.683034853085267,0,0.008888889,150,,,,
932,19.301388746487277,0,0.008888889,150,,,,
933,19.136102110457745,1,0.013333334,150,,,,
934,15.082159178507172,1,0.017777778,150,,,,
935,18.82810533336312,0,0.0044444446,150,,,,
936,20.868529243094503,0,0.0044444446,150,,,,
937,14.654250440555149,0,0.0044444446,150,,,,
938,13.089791644538813,1,0.017777778,150,,,,
939,18.08362849000785,0,0.008888889,150,,,,
940,11.409949673631548,1,0.008888889,150,,,,
941,15.145167145054785,0,0.013333334,150,,,,
942,19.60524559502074,0,0.017777778,150,,,,
943,14.435776407003509,0,0.008888889,150,,,,
944,12.369472485992972,0,0.008888889,150,,,,
945,13.452404044640613,0,0.008888889,150,,,,
946,16.977194293129173,0,0.008888889,150,,,,
947,14.327183511019665,0,0.013333334,150,,,,
948,14.654250440555149,0,0.0044444446,150,,,,
949,18.58193681821918,2,0.04,150,,,,
950,14.054265115444316,1,0.013333334,150,,,,
951,14.512887473396471,1,0.013333334,150,,,,
952,19.18991220205975,1,0.017777778,150,,,,
953,19.537033006897484,0,0.0044444446,150,,,,
954,12.568883936634084,0,0.0044444446,150,,,,
955,15.879233907037339,0,0.013333334,150,,,,
956,17.51008577637707,0,0.008888889,150,,,,
957,19.308140075297054,0,0.0044444446,150,,,,
958,18.174067341393297,1,0.013333334,150,,,,
959,11.7629267103881,1,0.008888889,150,,,,
960,13.177929847294262,0,0.008888889,150,,,,
961,14.311443239658185,0,0.008888889,150,,,,
962,12.62777158492218,0,0.008888889,150,,,,
963,17.94418273146891,1,0.022222223,150,,,,
964,13.213658855541912,0,0.008888889,150,,,,
965,14.986518456711273,0,0.008888889,150,,,,
966,12.980702694099815,0,0.008888889,150,,,,
967,16.08530541924007,0,0.0044444446,150,,,,
968,14.358420203801188,1,0.008888889,150,,,,
969,20.028005134723752,0,0.0044444446,150,,,,
970,15.23761788213244,0,0.0044444446,150,,,,
971,21.103423610648672,1,0.013333334,150,,,,
972,19.87481592774869,0,0.0044444446,150,,,,
973,13.878092641687818,1,0.008888889,150,,,,
974,17.575949241829974,0,0.013333334,150,,,,
975,15.10620583768409,0,0.0044444446,150,,,,
976,19.789722110930196,0,0.0044444446,150,,,,
977,17.024405346184675,0,0.008888889,150,,,,
978,13.026081426071244,0,0.0044444446,150,,,,
979,15.299251378093373,1,0.013333334,150,,,,
980,15.309746663180817,1,0.017777778,150,,,,
981,13.541190169597268,0,0.0044444446,150,,,,
982,19.945702679787757,0,0.0044444446,150,,,,
983,14.916956740196863,1,0.022222223,150,,,,
984,13.398150916686383,1,0.013333334,150,,,,
985,14.654250440555149,0,0.0044444446,150,,,,
986,18.207121529750452,0,0.0044444446,150,,,,
987,16.299227187441996,0,0.008888889,150,,,,
988,15.241070842604188,0,0.008888889,150,,,,
989,19.101916326952253,1,0.022222223,150,,,,
990,17.88100433569768,0,0.008888889,150,,,,
991,11.574310520086993,0,0.0044444446,150,,,,
992,12.899319504377658,0,0.008888889,150,,,,
993,13.683034853085267,0,0.0044444446,150,,,,
994,12.588311313340952,0,0.008888889,150,,,,
995,17.747524750718487,0,0.0044444446,150,,,,
996,14.274864359273177,0,0.013333334,150,,,,
997,10.692350820181623,0,0.0044444446,150,,,,
998,10.695426575675295,0,0.0044444446,150,,,,
999,14.92004009639702,0,0.0044444446,150,,,,
1000,12.980702694099815,0,0.008888889,150,,,,
1001,11.681789881484939,0,0.0044444446,150,,,,
1002,14.69291458917294,1,0.008888889,150,,,,
1003,15.554086242623619,0,0.017777778,150,,,,
1004,17.382488256233955,0,0.008888889,150,,,,
1005,17.390666232337797,0,0.0044444446,150,,,,
1006,18.667554803799217,0,0.0044444446,150,,,,
1007,17.796016588756427,1,0.008888889,150,,,,
1008,15.15485903512445,0,0.0044444446,150,,,,
1009,17.773502730492847,0,0.008888889,150,,,,
1010,14.830625533592027,0,0.008888889,150,,,,
1011,18.256615751057787,0,0.008888889,150,,,,
1012,18.255058721205113,0,0.008888889,150,,,,
1013,19.308140075297054,0,0.0044444446,150,,,,
1014,13.033920028148184,0,0.0044444446,150,,,,
1015,17.256615751057787,0,0.0044444446,150,,,,
1016,18.958733641585262,0,0.008888889,150,,,,
1017,18.207121529750452,0,0.0044444446,150,,,,
1018,13.69291458917294,0,0.0044444446,150,,,,
1019,17.94596012675924,0,0.008888889,150,,,,
1020,14.343683932977903,0,0.0044444446,150,,,,
1021,16.77277197926135,0,0.0044444446,150,,,,
1022,16.81785162794999,0,0.0044444446,150,,,,
1023,12.04503956032761,0,0.0044444446,150,,,,
1024,18.90762558908901,0,0.008888889,150,,,,
1025,16.05541764642645,0,0.008888889,150,,,,
1026,20.062195020554974,0,0.0044444446,150,,,,
1027,14.99186576086176,0,0.0044444446,150,,,,
1028,14.306721768752695,1,0.026666667,150,,,,
1029,14.92004009639702,0,0.0044444446,150,,,,
1030,11.283283807359027,0,0.0044444446,150,,,,
1031,11.792988787759391,1,0.013333334,150,,,,
1032,12.702826852865268,0,0.0044444446,150,,,,
1033,19.98608287150316,0,0.008888889,150,,,,
1034,19.24689260639333,0,0.0044444446,150,,,,
1035,18.736090732243696,0,0.013333334,150,,,,
1036,14.79027436284997,0,0.0044444446,150,,,,
1037,11.206948065739027,0,0.008888889,150,,,,
1038,13.68187243670734,0,0.008888889,150,,,,
1039,19.881806383800484,0,0.008888889,150,,,,
1040,13.725663234016825,0,0.008888889,150,,,,
1041,12.157889586539941,0,0.0044444446,150,,,,
1042,12.037650563136875,0,0.008888889,150,,,,
1043,16.99551489832725,1,0.008888889,150,,,,
1044,18.07278430079326,0,0.0044444446,150,,,,
1045,16.959995860156678,1,0.008888889,150,,,,
1046,18.667554803799217,0,0.0044444446,150,,,,
1047,19.81019331999254,0,0.008888889,150,,,,
1048,18.484385410876737,0,0.008888889,150,,,,
1049,19.945702679787757,0,0.0044444446,150,,,,
1050,18.793750936290238,0,0.0044444446,150,,,,
1051,13.900600345499079,0,0.013333334,150,,,,
1052,14.009969118343331,0,0.008888889,150,,,,
1053,13.822925520567075,0,0.0044444446,150,,,,
1054,11.777260443630755,1,0.008888889,150,,,,
1055,12.352108763033211,1,0.008888889,150,,,,
1056,17.80633634173869,0,0.008888889,150,,,,
1057,10.695426575675295,0,0.0044444446,150,,,,
1058,15.112735852947576,0,0.008888889,150,,,,
1059,17.232773516219083,0,0.0044444446,150,,,,
1060,12.434596493363799,1,0.008888889,150,,,,
1061,17.31572724552614,0,0.008888889,150,,,,
1062,11.370054090023775,0,0.0044444446,150,,,,
1063,19.121022596973567,0,0.0044444446,150,,,,
1064,13.79944012508685,0,0.0044444446,150,,,,
1065,15.76230702489173,1,0.013333334,150,,,,
1066,15.220896078131549,0,0.008888889,150,,,,
1067,13.245721628376359,0,0.0044444446,150,,,,
1068,20.06643715523947,0,0.008888889,150,,,,
1069,19.487665663243767,0,0.017777778,150,,,,
1070,16.08530541924007,0,0.0044444446,150,,,,
1071,13.862740478474755,0,0.008888889,150,,,,
1072,14.99186576086176,0,0.0044444446,150,,,,
1073,14.954844024454502,0,0.0044444446,150,,,,
1074,11.749022273145666,0,0.008888889,150,,,,
1075,12.305136735158957,0,0.0044444446,150,,,,
1076,12.522608046943592,0,0.0044444446,150,,,,
1077,15.5502115241467,0,0.008888889,150,,,,
1078,11.891184771726675,0,0.008888889,150,,,,
1079,12.597510328139272,0,0.0044444446,150,,,,
1080,11.427775778931384,0,0.0044444446,150,,,,
1081,17.36897868170189,0,0.008888889,150,,,,
1082,12.00044718451241,0,0.008888889,150,,,,
1083,19.789722110930196,0,0.0044444446,150,,,,
1084,19.308140075297054,0,0.0044444446,150,,,,
1085,18.774295994441495,0,0.0044444446,150,,,,
1086,18.327071142407476,0,0.0044444446,150,,,,
1087,13.284438137413794,0,0.0044444446,150,,,,
1088,14.422892450211489,0,0.0044444446,150,,,,
1089,14.264424064316646,0,0.0044444446,150,,,,
1090,17.390666232337797,0,0.0044444446,150,,,,
1091,14.058559577136705,0,0.008888889,150,,,,
1092,13.718516952683991,0,0.0044444446,150,,,,
1093,20.062195020554974,0,0.0044444446,150,,,,
1094,17.173098344635875,0,0.0044444446,150,,,,
1095,16.788197706954463,0,0.0044444446,150,,,,
1096,16.788197706954463,0,0.0044444446,150,,,,
1097,19.671927498138086,0,0.0044444446,150,,,,
1098,11.47924953018165,0,0.0044444446,150,,,,
1099,12.597510328139272,0,0.0044444446,150,,,,
1100,11.681789881484939,0,0.0044444446,150,,,,
1101,11.480465722865794,0,0.0044444446,150,,,,
1102,15.696448962057957,0,0.008888889,150,,,,
1103,11.208680419859409,0,0.008888889,150,,,,
1104,13.73393028587357,0,0.017777778,150,,,,
1105,12.198085974657502,0,0.008888889,150,,,,
1106,17.256615751057787,0,0.0044444446,150,,,,
1107,18.765366334556578,0,0.008888889,150,,,,
1108,17.08484157669815,0,0.0044444446,150,,,,
1109,14.99186576086176,0,0.0044444446,150,,,,
1110,18.045003107913164,0,0.0044444446,150,,,,
1111,14.145206960961005,0,0.008888889,150,,,,
1112,17.235121918479358,0,0.0044444446,150,,,,
1113,17.502174106167182,0,0.0044444446,150,,,,
1114,14.79027436284997,0,0.0044444446,150,,,,
1115,17.606820411920335,0,0.008888889,150,,,,
1116,17.738229792445615,0,0.008888889,150,,,,
1117,11.841413711625254,0,0.008888889,150,,,,
1118,13.341451223584436,0,0.008888889,150,,,,
1119,14.481266266512435,0,0.013333334,150,,,,
1120,12.24437313581743,0,0.0044444446,150,,,,
1121,21.071400942638167,0,0.008888889,150,,,,
1122,13.956954788077852,0,0.0044444446,150,,,,
1123,13.107874359516426,0,0.008888889,150,,,,
1124,18.421878618119713,1,0.017777778,150,,,,
1125,18.757893453296255,0,0.008888889,150,,,,
1126,17.174029163248232,0,0.008888889,150,,,,
1127,14.395653002506869,0,0.013333334,150,,,,
1128,17.556907526965485,0,0.008888889,150,,,,
1129,18.045003107913164,0,0.0044444446,150,,,,
1130,16.91241328776905,0,0.008888889,150,,,,
1131,18.91268515544731,0,0.0044444446,150,,,,
1132,18.07278430079326,0,0.0044444446,150,,,,
1133,16.377709509762933,1,0.008888889,150,,,,
1134,12.578765447466182,1,0.013333334,150,,,,
1135,18.972144795291634,0,0.008888889,150,,,,
1136,16.65217956516729,0,0.013333334,150,,,,
1137,13.962981161889882,1,0.013333334,150,,,,
1138,10.873889492453763,0,0.0044444446,150,,,,
1139,18.81019331999254,0,0.0044444446,150,,,,
1140,10.692350820181623,0,0.0044444446,150,,,,
1141,17.062738112442613,0,0.0044444446,150,,,,
1142,10.543486702671213,0,0.0044444446,150,,,,
1143,13.94518289286976,0,0.0044444446,150,,,,
1144,16.71083787168005,0,0.008888889,150,,,,
1145,15.424279982269546,1,0.022222223,150,,,,
1146,14.727217681017674,0,0.0044444446,150,,,,
1147,14.796749559594268,0,0.008888889,150,,,,
1148,14.742433989693716,0,0.008888889,150,,,,
1149,13.441680518929758,0,0.008888889,150,,,,
1150,18.830464485073257,0,0.013333334,150,,,,
1151,15.055417646426449,0,0.0044444446,150,,,,
1152,15.313593879849147,0,0.008888889,150,,,,
1153,17.100194915041296,0,0.0044444446,150,,,,
1154,16.479732338506118,0,0.008888889,150,,,,
1155,13.79944012508685,0,0.0044444446,150,,,,
1156,17.686260496654718,0,0.008888889,150,,,,
1157,19.508861961811075,0,0.0044444446,150,,,,
1158,11.663394436794935,0,0.008888889,150,,,,
1159,16.546759604888564,1,0.008888889,150,,,,
1160,21.524109623844765,0,0.008888889,150,,,,
1161,13.284438137413794,0,0.0044444446,150,,,,
1162,15.055417646426449,0,0.0044444446,150,,,,
1163,16.21539606718895,0,0.008888889,150,,,,
1164,17.510083199336385,0,0.008888889,150,,,,
1165,12.294229204642264,0,0.008888889,150,,,,
1166,14.343126653530689,0,0.008888889,150,,,,
1167,20.628585128086602,0,0.0044444446,150,,,,
1168,19.208966164943412,1,0.013333334,150,,,,
1169,17.747524750718487,0,0.0044444446,150,,,,
1170,19.61290758970606,0,0.008888889,150,,,,
1171,19.945702679787757,0,0.0044444446,150,,,,
1172,13.697543113278364,0,0.008888889,150,,,,
1173,21.4486901843159,0,0.008888889,150,,,,
1174,14.343683932977903,0,0.0044444446,150,,,,
1175,16.81785162794999,0,0.0044444446,150,,,,
1176,17.113176068785236,0,0.008888889,150,,,,
1177,12.607168804927866,0,0.0044444446,150,,,,
1178,11.123166256098113,0,0.008888889,150,,,,
1179,13.612200839564608,0,0.013333334,150,,,,
1180,15.239774645747271,0,0.008888889,150,,,,
1181,18.043985809324415,0,0.0044444446,150,,,,
1182,12.234791211066096,0,0.008888889,150,,,,
1183,18.774295994441495,0,0.0044444446,150,,,,
1184,20.628585128086602,0,0.0044444446,150,,,,
1185,12.305136735158957,0,0.0044444446,150,,,,
1186,13.020144036085792,0,0.0044444446,150,,,,
1187,13.822925520567075,0,0.0044444446,150,,,,
1188,10.891184771726675,0,0.0044444446,150,,,,
1189,19.0141605587132,0,0.008888889,150,,,,
1190,17.900826646578054,0,0.008888889,150,,,,
1191,20.196543093035174,0,0.008888889,150,,,,
1192,13.986518456711273,0,0.0044444446,150,,,,
1193,20.449718269956815,0,0.0044444446,150,,,,
1194,18.81019331999254,0,0.0044444446,150,,,,
1195,12.610173793529292,0,0.0044444446,150,,,,
1196,13.718516952683991,0,0.0044444446,150,,,,
1197,14.857384807339788,0,0.0044444446,150,,,,
1198,17.966771250172663,0,0.0044444446,150,,,,
1199,15.430160824939026,0,0.0044444446,150,,,,
1200,12.04503956032761,0,0.0044444446,150,,,,
1201,17.966771250172663,0,0.0044444446,150,,,,
1202,15.515766636929513,1,0.008888889,150,,,,
1203,15.423430040991203,0,0.008888889,150,,,,
1204,19.537033006897484,0,0.0044444446,150,,,,
1205,14.92004009639702,0,0.0044444446,150,,,,
1206,18.376017425631947,0,0.0044444446,150,,,,
1207,18.477387881184242,0,0.008888889,150,,,,
1208,14.351420687811434,0,0.0044444446,150,,,,
1209,13.822925520567075,0,0.0044444446,150,,,,
1210,18.202788427085284,0,0.0044444446,150,,,,
1211,13.373580098509045,0,0.008888889,150,,,,
1212,17.235121918479358,0,0.0044444446,150,,,,
1213,16.403683299228085,0,0.008888889,150,,,,
1214,19.74592736152523,0,0.0044444446,150,,,,
1215,12.008729270656506,0,0.0044444446,150,,,,
1216,20.39785965824819,0,0.0044444446,150,,,,
1217,20.043823058537082,1,0.008888889,150,,,,
1218,14.233585081812333,0,0.008888889,150,,,,
1219,13.233585081812333,0,0.0044444446,150,,,,
1220,16.08530541924007,0,0.0044444446,150,,,,
1221,11.918758846426257,0,0.008888889,150,,,,
1222,12.597510328139272,0,0.0044444446,150,,,,
1223,12.253753626625816,0,0.0044444446,150,,,,
1224,18.045003107913164,0,0.0044444446,150,,,,
1225,18.793750936290238,0,0.0044444446,150,,,,
1226,20.684898926093442,0,0.0044444446,150,,,,
1227,13.595948810482376,0,0.0044444446,150,,,,
1228,14.954844024454502,0,0.0044444446,150,,,,
1229,15.10620583768409,0,0.0044444446,150,,,,
1230,20.901360619123402,0,0.008888889,150,,,,
1231,14.654250440555149,0,0.0044444446,150,,,,
1232,18.63694882306385,0,0.0044444446,150,,,,
1233,13.69291458917294,0,0.0044444446,150,,,,
1234,13.552373883408926,0,0.013333334,150,,,,
1235,18.133018019400595,0,0.008888889,150,,,,
1236,19.06643715523947,0,0.0044444446,150,,,,
1237,19.537033006897484,0,0.0044444446,150,,,,
1238,12.626661912481197,0,0.008888889,150,,,,
1239,21.449718269956815,1,0.008888889,150,,,,
1240,15.722408126350231,1,0.008888889,150,,,,
1241,19.895532436647827,0,0.0044444446,150,,,,
1242,11.006143844364917,0,0.0044444446,150,,,,
1243,20.463975498885326,0,0.013333334,150,,,,
1244,20.383612712305563,0,0.0044444446,150,,,,
1245,16.239371493150816,0,0.008888889,150,,,,
1246,17.45682805169178,0,0.008888889,150,,,,
1247,12.008729270656506,0,0.0044444446,150,,,,
1248,15.10620583768409,0,0.0044444446,150,,,,
1249,11.07265099286984,0,0.0044444446,150,,,,
1250,20.38286151004894,0,0.008888889,150,,,,
1251,14.25304298360152,0,0.0044444446,150,,,,
1252,14.79027436284997,0,0.0044444446,150,,,,
1253,14.461398435133415,0,0.013333334,150,,,,
1254,16.240723575558647,0,0.0044444446,150,,,,
1255,18.484984014130617,0,0.0044444446,150,,,,
1256,13.396639807246803,0,0.0044444446,150,,,,
1257,19.74592736152523,0,0.0044444446,150,,,,
1258,10.873889492453763,0,0.0044444446,150,,,,
1259,14.654250440555149,0,0.0044444446,150,,,,
1260,14.727217681017674,0,0.0044444446,150,,,,
1261,12.986603262632826,1,0.008888889,150,,,,
1262,17.235121918479358,0,0.0044444446,150,,,,
1263,19.537033006897484,0,0.0044444446,150,,,,
1264,15.169333014845765,1,0.013333334,150,,,,
1265,12.568883936634084,0,0.0044444446,150,,,,
1266,10.543486702671213,0,0.0044444446,150,,,,
1267,11.370054090023775,0,0.0044444446,150,,,,
1268,12.566103013711025,0,0.008888889,150,,,,
1269,16.310965364628068,1,0.008888889,150,,,,
1270,16.547369761507646,0,0.0044444446,150,,,,
1271,16.89248213906374,0,0.0044444446,150,,,,
1272,12.607168804927866,0,0.0044444446,150,,,,
1273,11.146639657279184,0,0.0044444446,150,,,,
1274,18.351906625221552,0,0.0044444446,150,,,,
1275,13.026081426071244,0,0.0044444446,150,,,,
1276,14.691275507048172,0,0.008888889,150,,,,
1277,11.734219756714896,0,0.0044444446,150,,,,
1278,12.607168804927866,0,0.0044444446,150,,,,
1279,18.774295994441495,0,0.0044444446,150,,,,
1280,14.318627352341046,0,0.0044444446,150,,,,
1281,18.376017425631947,0,0.0044444446,150,,,,
1282,15.215396067188951,0,0.0044444446,150,,,,
1283,11.427775778931384,0,0.0044444446,150,,,,
1284,14.92004009639702,0,0.0044444446,150,,,,
1285,13.245721628376359,0,0.0044444446,150,,,,
1286,20.184339458193485,0,0.0044444446,150,,,,
1287,18.82810533336312,0,0.0044444446,150,,,,
1288,18.63694882306385,0,0.0044444446,150,,,,
1289,15.129280983141943,0,0.008888889,150,,,,
1290,14.92004009639702,0,0.0044444446,150,,,,
1291,15.33638737220802,0,0.0044444446,150,,,,
1292,12.711099078002537,0,0.0044444446,150,,,,
1293,19.05713084060507,0,0.0044444446,150,,,,
1294,14.318627352341046,0,0.0044444446,150,,,,
1295,21.846150212100632,0,0.008888889,150,,,,
1296,13.182318142655994,0,0.0044444446,150,,,,
1297,18.62626153011045,0,0.0044444446,150,,,,
1298,14.25304298360152,0,0.0044444446,150,,,,
1299,16.08530541924007,0,0.0044444446,150,,,,
1300,19.789722110930196,0,0.0044444446,150,,,,
1301,20.325042625889175,0,0.0044444446,150,,,,
1302,20.684898926093442,0,0.0044444446,150,,,,
1303,20.868529243094503,0,0.0044444446,150,,,,
1304,14.654250440555149,0,0.0044444446,150,,,,
1305,19.68304864172517,1,0.013333334,150,,,,
1306,13.22819442048375,1,0.008888889,150,,,,
1307,16.242222564691,0,0.008888889,150,,,,
1308,12.1780568391185,0,0.008888889,150,,,,
1309,16.788197706954463,0,0.0044444446,150,,,,
1310,19.21235547667363,1,0.008888889,150,,,,
1311,10.979956934840523,0,0.0044444446,150,,,,
1312,12.305136735158957,0,0.0044444446,150,,,,
1313,19.57997198838077,0,0.0044444446,150,,,,
1314,13.956954788077852,0,0.0044444446,150,,,,
1315,13.216566965369562,0,0.008888889,150,,,,
1316,17.9276262622565,0,0.008888889,150,,,,
1317,19.31020775052842,1,0.008888889,150,,,,
1318,19.671927498138086,0,0.0044444446,150,,,,
1319,13.406297382851434,0,0.0044444446,150,,,,
1320,10.695426575675295,0,0.0044444446,150,,,,
1321,13.406297382851434,0,0.0044444446,150,,,,
1322,15.215396067188951,0,0.0044444446,150,,,,
1323,18.327071142407476,0,0.0044444446,150,,,,
1324,19.308140075297054,0,0.0044444446,150,,,,
1325,15.47600380206033,0,0.0044444446,150,,,,
1326,11.729512645493887,0,0.008888889,150,,,,
1327,11.393766781182915,0,0.0044444446,150,,,,
1328,15.882323766887712,0,0.008888889,150,,,,
1329,17.686260496654718,0,0.008888889,150,,,,
1330,19.997740060918034,0,0.008888889,150,,,,
1331,12.568883936634084,0,0.0044444446,150,,,,
1332,10.873889492453763,0,0.0044444446,150,,,,
1333,16.9841690908024,1,0.008888889,150,,,,
1334,11.006143844364917,0,0.0044444446,150,,,,
1335,19.64702416355737,0,0.0044444446,150,,,,
1336,18.376017425631947,0,0.0044444446,150,,,,
1337,11.47924953018165,0,0.0044444446,150,,,,
1338,17.235121918479358,0,0.0044444446,150,,,,
1339,19.06643715523947,0,0.0044444446,150,,,,
1340,15.828392381456737,0,0.0044444446,150,,,,
1341,19.671927498138086,0,0.0044444446,150,,,,
1342,14.422892450211489,0,0.0044444446,150,,,,
1343,18.327071142407476,0,0.0044444446,150,,,,
1344,11.393766781182915,0,0.0044444446,150,,,,
1345,12.906382006325426,0,0.008888889,150,,,,
1346,13.071712848273453,0,0.013333334,150,,,,
1347,13.69291458917294,0,0.0044444446,150,,,,
1348,18.547047511444227,0,0.008888889,150,,,,
1349,17.256615751057787,0,0.0044444446,150,,,,
1350,20.03418992950069,0,0.013333334,150,,,,
1351,18.202788427085284,0,0.0044444446,150,,,,
1352,14.422892450211489,0,0.0044444446,150,,,,
1353,12.150122442574954,0,0.0044444446,150,,,,
1354,11.338225389588501,0,0.008888889,150,,,,
1355,13.056327786328392,0,0.0044444446,150,,,,
1356,13.595948810482376,0,0.0044444446,150,,,,
1357,15.888732670269192,0,0.008888889,150,,,,
1358,13.233585081812333,0,0.0044444446,150,,,,
1359,18.351906625221552,0,0.0044444446,150,,,,
1360,11.427775778931384,0,0.0044444446,150,,,,
1361,15.65796638711462,0,0.0044444446,150,,,,
1362,20.684898926093442,0,0.0044444446,150,,,,
1363,16.31572724552614,0,0.0044444446,150,,,,
1364,15.415579677221409,0,0.0044444446,150,,,,
1365,10.543486702671213,0,0.0044444446,150,,,,
1366,16.77277197926135,0,0.0044444446,150,,,,
1367,12.008729270656506,0,0.0044444446,150,,,,
1368,18.956256897169094,0,0.0044444446,150,,,,
1369,14.343683932977903,0,0.0044444446,150,,,,
1370,14.23244426667592,0,0.0044444446,150,,,,
1371,12.89568774401873,0,0.008888889,150,,,,
1372,15.47600380206033,0,0.0044444446,150,,,,
1373,13.956954788077852,0,0.0044444446,150,,,,
1374,18.207121529750452,0,0.0044444446,150,,,,
1375,12.487804985997819,0,0.013333334,150,,,,
1376,19.155774330868457,0,0.008888889,150,,,,
1377,17.966771250172663,0,0.0044444446,150,,,,
1378,14.208980391143069,0,0.0044444446,150,,,,
1379,16.847195506896462,0,0.008888889,150,,,,
1380,13.86791314909349,0,0.0044444446,150,,,,
1381,14.653810012012535,0,0.013333334,150,,,,
1382,16.547369761507646,0,0.0044444446,150,,,,
1383,12.175145149424377,0,0.0044444446,150,,,,
1384,19.607584559305742,0,0.0044444446,150,,,,
1385,19.120749074972515,0,0.0044444446,150,,,,
1386,10.67464451194472,0,0.0044444446,150,,,,
1387,14.25304298360152,0,0.0044444446,150,,,,
1388,17.13710310868968,0,0.008888889,150,,,,
1389,12.834808919396917,0,0.0044444446,150,,,,
1390,10.7629267103881,0,0.0044444446,150,,,,
1391,12.85277767047435,0,0.0044444446,150,,,,
1392,18.81019331999254,0,0.0044444446,150,,,,
1393,17.28291193441255,0,0.0044444446,150,,,,
1394,20.248109206939713,0,0.0044444446,150,,,,
1395,13.020144036085792,0,0.0044444446,150,,,,
1396,19.945702679787757,0,0.0044444446,150,,,,
1397,10.732807580691762,0,0.0044444446,150,,,,
1398,15.997189967768335,0,0.0044444446,150,,,,
1399,14.99186576086176,0,0.0044444446,150,,,,
1400,15.965175732000375,0,0.008888889,150,,,,
1401,15.999748704136522,1,0.013333334,150,,,,
1402,20.628585128086602,0,0.0044444446,150,,,,
1403,17.74350321922351,0,0.008888889,150,,,,
1404,17.605444458074768,1,0.013333334,150,,,,
1405,16.773502730492847,0,0.0044444446,150,,,,
1406,11.283283807359027,0,0.0044444446,150,,,,
1407,19.789722110930196,0,0.0044444446,150,,,,
1408,13.284438137413794,0,0.0044444446,150,,,,
1409,17.895893798319953,0,0.0044444446,150,,,,
1410,13.684210518773934,0,0.008888889,150,,,,
1411,12.762977593962848,0,0.0044444446,150,,,,
1412,15.931929149991735,0,0.008888889,150,,,,
1413,11.383956234153693,0,0.0044444446,150,,,,
1414,12.743006168562982,0,0.008888889,150,,,,
1415,18.207121529750452,0,0.0044444446,150,,,,
1416,17.353434528129966,0,0.0044444446,150,,,,
1417,11.728068438656805,0,0.013333334,150,,,,
1418,11.07265099286984,0,0.0044444446,150,,,,
1419,14.23244426667592,0,0.0044444446,150,,,,
1420,18.793750936290238,0,0.0044444446,150,,,,
1421,15.23761788213244,0,0.0044444446,150,,,,
1422,10.543486702671213,0,0.0044444446,150,,,,
1423,18.311015256594978,0,0.0044444446,150,,,,
1424,14.954844024454502,0,0.0044444446,150,,,,
1425,14.588174504431016,0,0.008888889,150,,,,
1426,19.671927498138086,0,0.0044444446,150,,,,
1427,11.352108763033211,0,0.0044444446,150,,,,
1428,14.422892450211489,0,0.0044444446,150,,,,
1429,20.558579962456122,0,0.0044444446,150,,,,
1430,20.524109623844765,0,0.0044444446,150,,,,
1431,12.305136735158957,0,0.0044444446,150,,,,
1432,15.274194926306475,0,0.0044444446,150,,,,
1433,13.182318142655994,0,0.0044444446,150,,,,
1434,19.895532436647827,0,0.0044444446,150,,,,
1435,13.233585081812333,0,0.0044444446,150,,,,
1436,15.819417082831706,1,0.008888889,150,,,,
1437,15.313522378702697,0,0.008888889,150,,,,
1438,12.008729270656506,0,0.0044444446,150,,,,
1439,15.33638737220802,0,0.0044444446,150,,,,
1440,19.87481592774869,0,0.0044444446,150,,,,
1441,14.727217681017674,0,0.0044444446,150,,,,
1442,17.679167434995446,0,0.0044444446,150,,,,
1443,15.422892450211489,0,0.008888889,150,,,,
1444,12.32052752427925,0,0.008888889,150,,,,
1445,14.091263463992895,0,0.008888889,150,,,,
1446,13.956954788077852,0,0.0044444446,150,,,,
1447,18.484984014130617,0,0.0044444446,150,,,,
1448,14.208980391143069,0,0.0044444446,150,,,,
1449,19.895532436647827,0,0.0044444446,150,,,,
1450,11.370054090023775,0,0.0044444446,150,,,,
1451,18.91268515544731,0,0.0044444446,150,,,,
1452,19.308140075297054,0,0.0044444446,150,,,,
1453,10.732807580691762,0,0.0044444446,150,,,,
1454,15.304143414905393,0,0.008888889,150,,,,
1455,11.370054090023775,0,0.0044444446,150,,,,
1456,18.474669364649266,1,0.022222223,150,,,,
1457,15.481192468785885,1,0.008888889,150,,,,
1458,17.679167434995446,0,0.0044444446,150,,,,
1459,18.33292592954615,0,0.008888889,150,,,,
1460,12.594842368668548,1,0.008888889,150,,,,
1461,18.202788427085284,0,0.0044444446,150,,,,
1462,17.97602332352262,0,0.0044444446,150,,,,
1463,19.74592736152523,0,0.0044444446,150,,,,
1464,14.293996789879508,0,0.008888889,150,,,,
1465,19.120749074972515,0,0.0044444446,150,,,,
1466,12.04503956032761,0,0.0044444446,150,,,,
1467,11.980702694099815,0,0.0044444446,150,,,,
1468,14.187825002924,0,0.008888889,150,,,,
1469,12.522608046943592,0,0.0044444446,150,,,,
1470,15.026022553770655,0,0.008888889,150,,,,
1471,15.857433056457253,0,0.008888889,150,,,,
1472,18.774295994441495,0,0.0044444446,150,,,,
1473,18.181322981665556,0,0.0044444446,150,,,,
1474,17.173098344635875,0,0.0044444446,150,,,,
1475,18.31318078603548,0,0.008888889,150,,,,
1476,14.675336012393064,0,0.008888889,150,,,,
1477,14.654250440555149,0,0.0044444446,150,,,,
1478,15.665948000783025,0,0.008888889,150,,,,
1479,14.954844024454502,0,0.0044444446,150,,,,
1480,18.774295994441495,0,0.0044444446,150,,,,
1481,11.383956234153693,0,0.0044444446,150,,,,
1482,18.63694882306385,0,0.0044444446,150,,,,
1483,20.056301226450312,0,0.0044444446,150,,,,
1484,20.868529243094503,0,0.0044444446,150,,,,
1485,11.38294049941604,0,0.0044444446,150,,,,
1486,12.124168332801815,1,0.008888889,150,,,,
1487,13.020144036085792,0,0.0044444446,150,,,,
1488,13.742433989693716,0,0.0044444446,150,,,,
1489,13.683034853085267,0,0.0044444446,150,,,,
1490,11.543486702671213,1,0.008888889,150,,,,
1491,13.98781108318186,0,0.0044444446,150,,,,
1492,13.899596823724792,0,0.0044444446,150,,,,
1493,14.915297444962853,0,0.008888889,150,,,,
1494,16.854297469718258,0,0.008888889,150,,,,
1495,16.81785162794999,0,0.0044444446,150,,,,
1496,18.62626153011045,0,0.0044444446,150,,,,
1497,18.63694882306385,0,0.0044444446,150,,,,
1498,19.121022596973567,0,0.0044444446,150,,,,
1499,11.276549868322277,0,0.0044444446,150,,,,
1500,14.343683932977903,0,0.0044444446,150,,,,
1501,17.173098344635875,0,0.0044444446,150,,,,
1502,17.086811478387204,0,0.008888889,150,,,,
1503,11.352108763033211,0,0.0044444446,150,,,,
1504,15.889882403167455,1,0.008888889,150,,,,
1505,15.15485903512445,0,0.0044444446,150,,,,
1506,11.146639657279184,0,0.0044444446,150,,,,
1507,19.094064103873045,0,0.008888889,150,,,,
1508,17.760078397705154,0,0.008888889,150,,,,
1509,19.78713626796072,0,0.008888889,150,,,,
1510,17.38767532939215,0,0.008888889,150,,,,
1511,13.69291458917294,0,0.0044444446,150,,,,
1512,13.595948810482376,0,0.0044444446,150,,,,
1513,19.789722110930196,0,0.0044444446,150,,,,
1514,13.233585081812333,0,0.0044444446,150,,,,
1515,12.844754128141798,0,0.008888889,150,,,,
1516,17.232773516219083,0,0.0044444446,150,,,,
1517,10.67464451194472,0,0.0044444446,150,,,,
1518,12.305136735158957,0,0.0044444446,150,,,,
1519,20.67922036519817,0,0.008888889,150,,,,
1520,13.570763508836606,0,0.013333334,150,,,,
1521,10.979956934840523,0,0.0044444446,150,,,,
1522,12.008729270656506,0,0.0044444446,150,,,,
1523,20.684898926093442,0,0.0044444446,150,,,,
1524,17.598558790785276,0,0.0044444446,150,,,,
1525,11.2663969873301,0,0.0044444446,150,,,,
1526,18.202788427085284,0,0.0044444446,150,,,,
1527,12.85277767047435,0,0.0044444446,150,,,,
1528,15.15485903512445,0,0.0044444446,150,,,,
1529,16.032611835151453,1,0.013333334,150,,,,
1530,19.29191974409367,0,0.0044444446,150,,,,
1531,15.16811503467872,0,0.0044444446,150,,,,
1532,10.7629267103881,0,0.0044444446,150,,,,
1533,13.822925520567075,0,0.0044444446,150,,,,
1534,14.091521790691111,0,0.0044444446,150,,,,
1535,19.64702416355737,0,0.0044444446,150,,,,
1536,10.53179461053692,0,0.0044444446,150,,,,
1537,19.945702679787757,0,0.0044444446,150,,,,
1538,12.04503956032761,0,0.0044444446,150,,,,
1539,18.181322981665556,0,0.0044444446,150,,,,
1540,17.390666232337797,0,0.0044444446,150,,,,
1541,10.695426575675295,0,0.0044444446,150,,,,
1542,19.330512948177315,0,0.0044444446,150,,,,
1543,18.510529426871663,0,0.008888889,150,,,,
1544,12.762977593962848,0,0.0044444446,150,,,,
1545,14.208980391143069,0,0.0044444446,150,,,,
1546,10.873889492453763,0,0.0044444446,150,,,,
1547,17.97602332352262,0,0.0044444446,150,,,,
1548,17.353434528129966,0,0.0044444446,150,,,,
1549,12.92465960434674,0,0.008888889,150,,,,
1550,14.052190096748475,0,0.008888889,150,,,,
1551,18.07278430079326,0,0.0044444446,150,,,,
1552,12.008729270656506,0,0.0044444446,150,,,,
1553,20.558579962456122,0,0.0044444446,150,,,,
1554,16.77277197926135,0,0.0044444446,150,,,,
1555,13.245721628376359,0,0.0044444446,150,,,,
1556,15.401593336792317,0,0.013333334,150,,,,
1557,13.677499556064848,0,0.008888889,150,,,,
1558,17.233526383680285,0,0.0044444446,150,,,,
1559,15.47600380206033,0,0.0044444446,150,,,,
1560,18.62626153011045,0,0.0044444446,150,,,,
1561,20.512266527403746,0,0.008888889,150,,,,
1562,14.734976363948995,0,0.008888889,150,,,,
1563,16.167962768279942,0,0.013333334,150,,,,
1564,18.311015256594978,0,0.0044444446,150,,,,
1565,11.480465722865794,0,0.0044444446,150,,,,
1566,19.39183736224485,0,0.008888889,150,,,,
1567,11.980702694099815,0,0.0044444446,150,,,,
1568,17.353434528129966,0,0.0044444446,150,,,,
1569,17.966771250172663,0,0.0044444446,150,,,,
1570,13.79944012508685,0,0.0044444446,150,,,,
1571,18.901375550451636,0,0.008888889,150,,,,
1572,17.966771250172663,0,0.0044444446,150,,,,
1573,12.24437313581743,0,0.0044444446,150,,,,
1574,14.654250440555149,0,0.0044444446,150,,,,
1575,13.541190169597268,0,0.0044444446,150,,,,
1576,17.747524750718487,0,0.0044444446,150,,,,
1577,15.055417646426449,0,0.0044444446,150,,,,
1578,17.256615751057787,0,0.0044444446,150,,,,
1579,15.997189967768335,0,0.0044444446,150,,,,
1580,18.774295994441495,0,0.0044444446,150,,,,
1581,15.828392381456737,0,0.0044444446,150,,,,
1582,11.480465722865794,0,0.0044444446,150,,,,
1583,12.522608046943592,0,0.0044444446,150,,,,
1584,15.997189967768335,0,0.0044444446,150,,,,
1585,13.86818864196329,0,0.008888889,150,,,,
1586,13.79944012508685,0,0.0044444446,150,,,,
1587,18.484984014130617,0,0.0044444446,150,,,,
1588,20.628585128086602,0,0.0044444446,150,,,,
1589,17.82805921430324,0,0.0044444446,150,,,,
1590,15.608370682605027,1,0.008888889,150,,,,
1591,15.870797515809343,0,0.008888889,150,,,,
1592,15.776836874526644,1,0.013333334,150,,,,
1593,13.70104291558211,0,0.008888889,150,,,,
1594,15.997189967768335,0,0.0044444446,150,,,,
1595,19.74592736152523,0,0.0044444446,150,,,,
1596,14.541190169597268,0,0.008888889,150,,,,
1597,12.85277767047435,0,0.0044444446,150,,,,
1598,17.706099494408214,0,0.008888889,150,,,,
1599,13.98781108318186,0,0.0044444446,150,,,,
1600,13.956954788077852,0,0.0044444446,150,,,,
1601,13.98781108318186,0,0.0044444446,150,,,,
1602,16.547369761507646,0,0.0044444446,150,,,,
1603,19.835798187264267,0,0.0044444446,150,,,,
1604,15.10620583768409,0,0.0044444446,150,,,,
1605,17.31318078603548,0,0.0044444446,150,,,,
1606,14.407371868545678,0,0.0044444446,150,,,,
1607,13.396639807246803,0,0.0044444446,150,,,,
1608,20.524109623844765,0,0.0044444446,150,,,,
1609,18.311015256594978,0,0.0044444446,150,,,,
1610,17.82805921430324,0,0.0044444446,150,,,,
1611,14.921316973442355,1,0.008888889,150,,,,
1612,18.181322981665556,0,0.0044444446,150,,,,
1613,17.82805921430324,0,0.0044444446,150,,,,
1614,10.873889492453763,0,0.0044444446,150,,,,
1615,13.718516952683991,0,0.0044444446,150,,,,
1616,19.03405129106616,0,0.008888889,150,,,,
1617,20.383612712305563,0,0.0044444446,150,,,,
1618,20.449718269956815,0,0.0044444446,150,,,,
1619,20.325042625889175,0,0.0044444446,150,,,,
1620,11.192212661850117,0,0.008888889,150,,,,
1621,13.026081426071244,0,0.0044444446,150,,,,
1622,12.607168804927866,0,0.0044444446,150,,,,
1623,11.574310520086993,0,0.0044444446,150,,,,
1624,20.062195020554974,0,0.0044444446,150,,,,
1625,15.25304298360152,0,0.008888889,150,,,,
1626,14.217340313939676,0,0.008888889,150,,,,
1627,12.348354382373852,1,0.008888889,150,,,,
1628,15.23244426667592,0,0.008888889,150,,,,
1629,14.284438137413794,0,0.008888889,150,,,,
1630,11.427775778931384,0,0.0044444446,150,,,,
1631,17.79952781405311,1,0.008888889,150,,,,
1632,18.82810533336312,0,0.0044444446,150,,,,
1633,14.954844024454502,0,0.0044444446,150,,,,
1634,15.430160824939026,0,0.0044444446,150,,,,
1635,19.770702395494396,0,0.008888889,150,,,,
1636,19.87481592774869,0,0.0044444446,150,,,,
1637,15.828392381456737,0,0.0044444446,150,,,,
1638,20.524109623844765,0,0.0044444446,150,,,,
1639,13.86791314909349,0,0.0044444446,150,,,,
1640,10.695426575675295,0,0.0044444446,150,,,,
1641,11.352108763033211,0,0.0044444446,150,,,,
1642,12.253753626625816,0,0.0044444446,150,,,,
1643,19.87481592774869,0,0.0044444446,150,,,,
1644,14.895034597738729,0,0.008888889,150,,,,
1645,18.81019331999254,0,0.0044444446,150,,,,
1646,17.747524750718487,0,0.0044444446,150,,,,
1647,14.351420687811434,0,0.0044444446,150,,,,
1648,13.020144036085792,0,0.0044444446,150,,,,
1649,18.045003107913164,0,0.0044444446,150,,,,
1650,13.020144036085792,0,0.0044444446,150,,,,
1651,18.202788427085284,0,0.0044444446,150,,,,
1652,13.462366223465697,0,0.008888889,150,,,,
1653,18.311015256594978,0,0.0044444446,150,,,,
1654,11.006143844364917,0,0.0044444446,150,,,,
1655,12.522608046943592,0,0.0044444446,150,,,,
1656,17.97602332352262,0,0.0044444446,150,,,,
1657,15.149808298797655,0,0.008888889,150,,,,
1658,13.245721628376359,0,0.0044444446,150,,,,
1659,19.64702416355737,0,0.0044444446,150,,,,
1660,19.789722110930196,0,0.0044444446,150,,,,
1661,17.233526383680285,0,0.0044444446,150,,,,
1662,13.742433989693716,0,0.0044444446,150,,,,
1663,14.79027436284997,0,0.0044444446,150,,,,
1664,17.502174106167182,0,0.0044444446,150,,,,
1665,17.46094957725741,0,0.0044444446,150,,,,
1666,11.2663969873301,0,0.0044444446,150,,,,
1667,18.045003107913164,0,0.0044444446,150,,,,
1668,16.08530541924007,0,0.0044444446,150,,,,
1669,14.632127249201108,0,0.008888889,150,,,,
1670,13.607168804927866,0,0.008888889,150,,,,
1671,15.857384807339788,1,0.008888889,150,,,,
1672,13.290759391626143,0,0.008888889,150,,,,
1673,17.31318078603548,0,0.0044444446,150,,,,
1674,20.383612712305563,0,0.0044444446,150,,,,
1675,17.232773516219083,0,0.0044444446,150,,,,
1676,12.980702694099815,0,0.008888889,150,,,,
1677,11.276549868322277,0,0.0044444446,150,,,,
1678,20.056301226450312,0,0.0044444446,150,,,,
1679,17.232773516219083,0,0.0044444446,150,,,,
1680,18.827646179930387,0,0.008888889,150,,,,
1681,12.175145149424377,0,0.0044444446,150,,,,
1682,14.091521790691111,0,0.0044444446,150,,,,
1683,13.69291458917294,0,0.0044444446,150,,,,
1684,14.208980391143069,0,0.0044444446,150,,,,
1685,17.522171817159364,0,0.008888889,150,,,,
1686,12.85277767047435,0,0.0044444446,150,,,,
1687,11.682193719005287,1,0.008888889,150,,,,
1688,14.04308726664349,0,0.008888889,150,,,,
1689,17.46094957725741,0,0.0044444446,150,,,,
1690,19.29191974409367,0,0.0044444446,150,,,,
1691,20.558579962456122,0,0.0044444446,150,,,,
1692,14.23244426667592,0,0.0044444446,150,,,,
1693,18.81019331999254,0,0.0044444446,150,,,,
1694,17.353434528129966,0,0.0044444446,150,,,,
1695,13.98781108318186,0,0.0044444446,150,,,,
1696,11.574310520086993,0,0.0044444446,150,,,,
1697,16.736351830073815,0,0.008888889,150,,,,
1698,13.284438137413794,0,0.0044444446,150,,,,
1699,15.055417646426449,0,0.0044444446,150,,,,
1700,14.208980391143069,0,0.0044444446,150,,,,
1701,16.210849146925757,1,0.008888889,150,,,,
1702,12.305136735158957,0,0.0044444446,150,,,,
1703,12.568883936634084,0,0.0044444446,150,,,,
1704,16.788197706954463,0,0.0044444446,150,,,,
1705,17.966771250172663,0,0.0044444446,150,,,,
1706,12.752538071208097,0,0.008888889,150,,,,
1707,13.899596823724792,0,0.0044444446,150,,,,
1708,11.07265099286984,0,0.0044444446,150,,,,
1709,15.16811503467872,0,0.0044444446,150,,,,
1710,10.64827793453292,0,0.008888889,150,,,,
1711,11.845010814591785,0,0.0044444446,150,,,,
1712,10.67464451194472,0,0.0044444446,150,,,,
1713,16.81785162794999,0,0.0044444446,150,,,,
1714,13.396639807246803,0,0.0044444446,150,,,,
1715,19.06643715523947,0,0.0044444446,150,,,,
1716,12.24437313581743,0,0.0044444446,150,,,,
1717,17.118245008298167,0,0.008888889,150,,,,
1718,20.383612712305563,0,0.0044444446,150,,,,
1719,15.69257872098952,0,0.008888889,150,,,,
1720,14.159850019106905,0,0.008888889,150,,,,
1721,15.031771437418957,0,0.008888889,150,,,,
1722,19.789722110930196,0,0.0044444446,150,,,,
1723,12.522608046943592,0,0.0044444446,150,,,,
1724,15.618003977960392,1,0.008888889,150,,,,
1725,16.08530541924007,0,0.0044444446,150,,,,
1726,17.480776847176635,0,0.013333334,150,,,,
1727,17.502174106167182,0,0.0044444446,150,,,,
1728,12.175145149424377,0,0.0044444446,150,,,,
1729,14.25304298360152,0,0.0044444446,150,,,,
1730,18.793750936290238,0,0.0044444446,150,,,,
1731,20.028005134723752,0,0.0044444446,150,,,,
1732,17.31318078603548,0,0.0044444446,150,,,,
1733,17.24104271002255,0,0.008888889,150,,,,
1734,18.351906625221552,0,0.0044444446,150,,,,
1735,19.812105164004283,0,0.013333334,150,,,,
1736,13.284438137413794,0,0.0044444446,150,,,,
1737,13.52731203752846,0,0.008888889,150,,,,
1738,19.308140075297054,0,0.0044444446,150,,,,
1739,15.828392381456737,0,0.0044444446,150,,,,
1740,14.99186576086176,0,0.0044444446,150,,,,
1741,19.537033006897484,0,0.0044444446,150,,,,
1742,15.47600380206033,0,0.0044444446,150,,,,
1743,14.432296509016311,0,0.008888889,150,,,,
1744,13.657555752530637,0,0.008888889,150,,,,
1745,19.24689260639333,0,0.0044444446,150,,,,
1746,16.81785162794999,0,0.0044444446,150,,,,
1747,14.493945887085264,0,0.008888889,150,,,,
1748,16.240723575558647,0,0.0044444446,150,,,,
1749,19.508861961811075,0,0.0044444446,150,,,,
1750,12.702826852865268,0,0.0044444446,150,,,,
1751,12.711099078002537,0,0.0044444446,150,,,,
1752,16.80383826244357,0,0.008888889,150,,,,
1753,20.35739284473918,1,0.008888889,150,,,,
1754,20.732089239800654,0,0.0044444446,150,,,,
1755,19.231455851509832,1,0.013333334,150,,,,
1756,14.25304298360152,0,0.0044444446,150,,,,
1757,11.47924953018165,0,0.0044444446,150,,,,
1758,19.453770549614067,0,0.008888889,150,,,,
1759,15.997189967768335,0,0.0044444446,150,,,,
1760,14.258918681174624,0,0.008888889,150,,,,
1761,13.245721628376359,0,0.0044444446,150,,,,
1762,17.78398494751441,0,0.008888889,150,,,,
1763,11.574310520086993,0,0.0044444446,150,,,,
1764,12.24437313581743,0,0.0044444446,150,,,,
1765,14.627342602857158,0,0.008888889,150,,,,
1766,17.126833394404645,0,0.0044444446,150,,,,
1767,11.2663969873301,0,0.0044444446,150,,,,
1768,11.07265099286984,0,0.0044444446,150,,,,
1769,13.683034853085267,0,0.0044444446,150,,,,
1770,15.47600380206033,0,0.0044444446,150,,,,
1771,17.256615751057787,0,0.0044444446,150,,,,
1772,20.38780357656183,1,0.008888889,150,,,,
1773,17.173098344635875,0,0.0044444446,150,,,,
1774,13.284438137413794,0,0.0044444446,150,,,,
1775,15.274194926306475,0,0.0044444446,150,,,,
1776,15.33638737220802,0,0.0044444446,150,,,,
1777,15.215396067188951,0,0.0044444446,150,,,,
1778,18.202788427085284,0,0.0044444446,150,,,,
1779,17.233526383680285,0,0.0044444446,150,,,,
1780,13.523233644127327,0,0.008888889,150,,,,
1781,11.370054090023775,0,0.0044444446,150,,,,
1782,13.056327786328392,0,0.0044444446,150,,,,
1783,14.107054466425158,0,0.0044444446,150,,,,
1784,11.146639657279184,0,0.0044444446,150,,,,
1785,18.484984014130617,0,0.0044444446,150,,,,
1786,18.376017425631947,0,0.0044444446,150,,,,
1787,17.31318078603548,0,0.0044444446,150,,,,
1788,15.422892450211489,0,0.008888889,150,,,,
1789,18.81019331999254,0,0.0044444446,150,,,,
1790,19.05713084060507,0,0.0044444446,150,,,,
1791,17.28291193441255,0,0.0044444446,150,,,,
1792,11.40593608676668,0,0.0044444446,150,,,,
1793,18.484984014130617,0,0.0044444446,150,,,,
1794,20.056301226450312,0,0.0044444446,150,,,,
1795,13.182318142655994,0,0.0044444446,150,,,,
1796,13.056327786328392,0,0.0044444446,150,,,,
1797,15.828392381456737,0,0.0044444446,150,,,,
1798,19.895532436647827,0,0.0044444446,150,,,,
1799,19.979059564456293,0,0.008888889,150,,,,
1800,16.31572724552614,0,0.0044444446,150,,,,
1801,15.91910918331104,0,0.013333334,150,,,,
1802,14.654250440555149,0,0.0044444446,150,,,,
1803,14.407371868545678,0,0.0044444446,150,,,,
1804,14.208980391143069,0,0.0044444446,150,,,,
1805,12.434921738105047,1,0.008888889,150,,,,
1806,13.98781108318186,0,0.0044444446,150,,,,
1807,15.055417646426449,0,0.0044444446,150,,,,
1808,18.312154818491344,1,0.008888889,150,,,,
1809,15.055417646426449,0,0.0044444446,150,,,,
1810,11.38294049941604,0,0.0044444446,150,,,,
1811,19.607584559305742,0,0.0044444446,150,,,,
1812,14.407371868545678,0,0.0044444446,150,,,,
1813,14.343683932977903,0,0.0044444446,150,,,,
1814,12.532986084252332,1,0.013333334,150,,,,
1815,12.175145149424377,0,0.0044444446,150,,,,
1816,15.152951642290144,0,0.008888889,150,,,,
1817,13.233585081812333,0,0.0044444446,150,,,,
1818,18.351906625221552,0,0.0044444446,150,,,,
1819,11.352108763033211,0,0.0044444446,150,,,,
1820,19.57997198838077,0,0.0044444446,150,,,,
1821,17.46094957725741,0,0.0044444446,150,,,,
1822,13.182318142655994,0,0.0044444446,150,,,,
1823,14.717773860969196,0,0.008888889,150,,,,
1824,18.38043003701123,0,0.008888889,150,,,,
1825,18.63694882306385,0,0.0044444446,150,,,,
1826,13.742433989693716,0,0.0044444446,150,,,,
1827,17.932377770117203,0,0.008888889,150,,,,
1828,11.574310520086993,0,0.0044444446,150,,,,
1829,19.57997198838077,0,0.0044444446,150,,,,
1830,13.956954788077852,0,0.0044444446,150,,,,
1831,11.119975810393544,0,0.0044444446,150,,,,
1832,18.774295994441495,0,0.0044444446,150,,,,
1833,16.946726354249314,0,0.008888889,150,,,,
1834,10.695426575675295,0,0.0044444446,150,,,,
1835,14.654250440555149,0,0.0044444446,150,,,,
1836,16.962308878542515,0,0.008888889,150,,,,
1837,13.595948810482376,0,0.0044444446,150,,,,
1838,15.47600380206033,0,0.0044444446,150,,,,
1839,18.351906625221552,0,0.0044444446,150,,,,
1840,19.308140075297054,0,0.0044444446,150,,,,
1841,18.045003107913164,0,0.0044444446,150,,,,
1842,13.396639807246803,0,0.0044444446,150,,,,
1843,17.28291193441255,0,0.0044444446,150,,,,
1844,18.133727884366156,0,0.008888889,150,,,,
1845,13.744578399653243,0,0.008888889,150,,,,
1846,19.08718326549656,0,0.008888889,150,,,,
1847,16.601268297701893,0,0.008888889,150,,,,
1848,14.020144036085792,0,0.008888889,150,,,,
1849,12.008729270656506,0,0.0044444446,150,,,,
1850,15.792955349489432,0,0.008888889,150,,,,
1851,12.253753626625816,0,0.0044444446,150,,,,
1852,15.415579677221409,0,0.0044444446,150,,,,
1853,14.33785879460633,1,0.008888889,150,,,,
1854,11.2663969873301,0,0.0044444446,150,,,,
1855,11.660327255315533,0,0.008888889,150,,,,
1856,19.842464789230753,0,0.013333334,150,,,,
1857,19.671927498138086,0,0.0044444446,150,,,,
1858,19.03057180757977,1,0.008888889,150,,,,
1859,13.367225643087433,0,0.008888889,150,,,,
1860,11.283283807359027,0,0.0044444446,150,,,,
1861,20.684898926093442,0,0.0044444446,150,,,,
1862,19.789722110930196,0,0.0044444446,150,,,,
1863,13.396639807246803,0,0.0044444446,150,,,,
1864,11.681789881484939,0,0.0044444446,150,,,,
1865,18.417852109139456,0,0.013333334,150,,,,
1866,13.956954788077852,0,0.0044444446,150,,,,
1867,19.75665071227251,0,0.008888889,150,,,,
1868,14.23244426667592,0,0.0044444446,150,,,,
1869,13.245721628376359,0,0.0044444446,150,,,,
1870,19.809937821332326,0,0.008888889,150,,,,
1871,11.006143844364917,0,0.0044444446,150,,,,
1872,17.28291193441255,0,0.0044444446,150,,,,
1873,14.654250440555149,0,0.0044444446,150,,,,
1874,18.07278430079326,0,0.0044444446,150,,,,
1875,18.484984014130617,0,0.0044444446,150,,,,
1876,20.732089239800654,0,0.0044444446,150,,,,
1877,10.732807580691762,0,0.0044444446,150,,,,
1878,20.449718269956815,0,0.0044444446,150,,,,
1879,15.23761788213244,0,0.0044444446,150,,,,
1880,10.923290604754762,0,0.008888889,150,,,,
1881,11.2663969873301,0,0.0044444446,150,,,,
1882,18.667526000671394,0,0.008888889,150,,,,
1883,18.62626153011045,0,0.0044444446,150,,,,
1884,12.568883936634084,0,0.0044444446,150,,,,
1885,14.23244426667592,0,0.0044444446,150,,,,
1886,13.822925520567075,0,0.0044444446,150,,,,
1887,17.62497009731146,0,0.0044444446,150,,,,
1888,19.13978953295111,0,0.008888889,150,,,,
1889,10.695426575675295,0,0.0044444446,150,,,,
1890,15.23761788213244,0,0.0044444446,150,,,,
1891,17.679167434995446,0,0.0044444446,150,,,,
1892,15.828392381456737,0,0.0044444446,150,,,,
1893,13.020144036085792,0,0.0044444446,150,,,,
1894,18.82810533336312,0,0.0044444446,150,,,,
1895,11.40593608676668,0,0.0044444446,150,,,,
1896,11.2663969873301,0,0.0044444446,150,,,,
1897,16.77277197926135,0,0.0044444446,150,,,,
1898,19.121022596973567,0,0.0044444446,150,,,,
1899,12.610173793529292,0,0.0044444446,150,,,,
1900,14.654250440555149,0,0.0044444446,150,,,,
1901,10.7629267103881,0,0.0044444446,150,,,,
1902,13.595948810482376,0,0.0044444446,150,,,,
1903,13.245721628376359,0,0.0044444446,150,,,,
1904,14.265939210361541,0,0.008888889,150,,,,
1905,14.507267773309835,0,0.008888889,150,,,,
1906,13.284438137413794,0,0.0044444446,150,,,,
1907,17.502174106167182,0,0.0044444446,150,,,,
1908,13.742433989693716,0,0.0044444446,150,,,,
1909,15.215396067188951,0,0.0044444446,150,,,,
1910,16.81785162794999,0,0.0044444446,150,,,,
1911,17.66659694721415,0,0.008888889,150,,,,
1912,16.77277197926135,0,0.0044444446,150,,,,
1913,19.05713084060507,0,0.0044444446,150,,,,
1914,10.891184771726675,0,0.0044444446,150,,,,
1915,17.31318078603548,0,0.0044444446,150,,,,
1916,19.06643715523947,0,0.0044444446,150,,,,
1917,13.406297382851434,0,0.0044444446,150,,,,
1918,17.232773516219083,0,0.0044444446,150,,,,
1919,13.406297382851434,0,0.0044444446,150,,,,
1920,13.742433989693716,0,0.0044444446,150,,,,
1921,13.683034853085267,0,0.0044444446,150,,,,
1922,20.628585128086602,0,0.0044444446,150,,,,
1923,18.91268515544731,0,0.0044444446,150,,,,
1924,16.81785162794999,0,0.0044444446,150,,,,
1925,15.430160824939026,0,0.0044444446,150,,,,
1926,10.732807580691762,0,0.0044444446,150,,,,
1927,14.351420687811434,0,0.0044444446,150,,,,
1928,15.215396067188951,0,0.0044444446,150,,,,
1929,12.175145149424377,0,0.0044444446,150,,,,
1930,12.69898891443016,0,0.008888889,150,,,,
1931,13.595948810482376,0,0.0044444446,150,,,,
1932,18.327071142407476,0,0.0044444446,150,,,,
1933,14.857384807339788,0,0.0044444446,150,,,,
1934,17.390666232337797,0,0.0044444446,150,,,,
1935,13.541190169597268,0,0.0044444446,150,,,,
1936,19.671927498138086,0,0.0044444446,150,,,,
1937,15.16811503467872,0,0.0044444446,150,,,,
1938,12.175145149424377,0,0.0044444446,150,,,,
1939,12.253753626625816,0,0.0044444446,150,,,,
1940,19.64702416355737,0,0.0044444446,150,,,,
1941,10.873889492453763,0,0.0044444446,150,,,,
1942,13.590359475853713,1,0.008888889,150,,,,
1943,18.793750936290238,0,0.0044444446,150,,,,
1944,10.7629267103881,0,0.0044444446,150,,,,
1945,15.828392381456737,0,0.0044444446,150,,,,
1946,15.47600380206033,0,0.0044444446,150,,,,
1947,16.08530541924007,0,0.0044444446,150,,,,
1948,17.966771250172663,0,0.0044444446,150,,,,
1949,13.86791314909349,0,0.0044444446,150,,,,
1950,19.537033006897484,0,0.0044444446,150,,,,
1951,11.38294049941604,0,0.0044444446,150,,,,
1952,19.87481592774869,0,0.0044444446,150,,,,
1953,12.85277767047435,0,0.0044444446,150,,,,
1954,20.39785965824819,0,0.0044444446,150,,,,
1955,12.686450131993979,0,0.008888889,150,,,,
1956,11.370054090023775,0,0.0044444446,150,,,,
1957,18.207121529750452,0,0.0044444446,150,,,,
1958,15.055417646426449,0,0.0044444446,150,,,,
1959,20.449718269956815,0,0.0044444446,150,,,,
1960,20.628585128086602,0,0.0044444446,150,,,,
1961,17.798346696094804,0,0.008888889,150,,,,
1962,17.22026314913297,0,0.008888889,150,,,,
1963,18.62626153011045,0,0.0044444446,150,,,,
1964,14.407371868545678,0,0.0044444446,150,,,,
1965,15.10620583768409,0,0.0044444446,150,,,,
1966,17.62497009731146,0,0.0044444446,150,,,,
1967,16.77277197926135,0,0.0044444446,150,,,,
1968,11.07265099286984,0,0.0044444446,150,,,,
1969,11.47924953018165,0,0.0044444446,150,,,,
1970,18.045003107913164,0,0.0044444446,150,,,,
1971,10.695426575675295,0,0.0044444446,150,,,,
1972,12.008729270656506,0,0.0044444446,150,,,,
1973,12.792648660060127,0,0.013333334,150,,,,
1974,15.055417646426449,0,0.0044444446,150,,,,
1975,15.65796638711462,0,0.0044444446,150,,,,
1976,19.74592736152523,0,0.0044444446,150,,,,
1977,13.956954788077852,0,0.0044444446,150,,,,
1978,17.173098344635875,0,0.0044444446,150,,,,
1979,19.57997198838077,0,0.0044444446,150,,,,
1980,14.351420687811434,0,0.0044444446,150,,,,
1981,15.10620583768409,0,0.0044444446,150,,,,
1982,17.46094957725741,0,0.0044444446,150,,,,
1983,17.502174106167182,0,0.0044444446,150,,,,
1984,13.683034853085267,0,0.0044444446,150,,,,
1985,11.40593608676668,0,0.0044444446,150,,,,
1986,17.598558790785276,0,0.0044444446,150,,,,
1987,13.856673549046267,0,0.008888889,150,,,,
1988,10.7629267103881,0,0.0044444446,150,,,,
1989,17.123748973581243,0,0.008888889,150,,,,
1990,17.187412919330928,0,0.008888889,150,,,,
1991,18.058369257694512,1,0.008888889,150,,,,
1992,10.695426575675295,0,0.0044444446,150,,,,
1993,13.182318142655994,0,0.0044444446,150,,,,
1994,19.835798187264267,0,0.0044444446,150,,,,
1995,15.16811503467872,0,0.0044444446,150,,,,
1996,18.774295994441495,0,0.0044444446,150,,,,
1997,16.773502730492847,0,0.0044444446,150,,,,
1998,13.396639807246803,0,0.0044444446,150,,,,
1999,18.774295994441495,0,0.0044444446,150,,,,
2000,16.31572724552614,0,0.0044444446,150,,,,
2001,16.08530541924007,0,0.0044444446,150,,,,
2002,11.146639657279184,0,0.0044444446,150,,,,
2003,13.396639807246803,0,0.0044444446,150,,,,
2004,11.40593608676668,0,0.0044444446,150,,,,
2005,16.89248213906374,0,0.0044444446,150,,,,
2006,17.598558790785276,0,0.0044444446,150,,,,
2007,18.787620830094188,0,0.008888889,150,,,,
2008,15.055417646426449,0,0.0044444446,150,,,,
2009,18.63694882306385,0,0.0044444446,150,,,,
2010,12.157889586539941,0,0.0044444446,150,,,,
2011,21.889038138330807,0,0.013333334,150,,,,
2012,17.62497009731146,0,0.0044444446,150,,,,
2013,14.25304298360152,0,0.0044444446,150,,,,
2014,18.327071142407476,0,0.0044444446,150,,,,
2015,11.640248124842298,0,0.008888889,150,,,,
2016,13.453022995165238,0,0.008888889,150,,,,
2017,19.29191974409367,0,0.0044444446,150,,,,
2018,17.97602332352262,0,0.0044444446,150,,,,
2019,13.69291458917294,0,0.0044444446,150,,,,
2020,18.045003107913164,0,0.0044444446,150,,,,
2021,12.598597326577018,0,0.008888889,150,,,,
2022,11.146639657279184,0,0.0044444446,150,,,,
2023,14.00761507047632,0,0.008888889,150,,,,
2024,16.547369761507646,0,0.0044444446,150,,,,
2025,18.376017425631947,0,0.0044444446,150,,,,
2026,18.81019331999254,0,0.0044444446,150,,,,
2027,18.311015256594978,0,0.0044444446,150,,,,
2028,17.502174106167182,0,0.0044444446,150,,,,
2029,12.85277767047435,0,0.0044444446,150,,,,
2030,18.045003107913164,0,0.0044444446,150,,,,
2031,19.533907880988366,0,0.0044444446,150,,,,
2032,11.491409753978598,1,0.008888889,150,,,,
2033,19.29191974409367,0,0.0044444446,150,,,,
2034,13.69291458917294,0,0.0044444446,150,,,,
2035,19.06643715523947,0,0.0044444446,150,,,,
2036,11.393766781182915,0,0.0044444446,150,,,,
2037,11.276549868322277,0,0.0044444446,150,,,,
2038,15.215396067188951,0,0.0044444446,150,,,,
2039,18.202788427085284,0,0.0044444446,150,,,,
2040,13.595948810482376,0,0.0044444446,150,,,,
2041,13.020144036085792,0,0.0044444446,150,,,,
2042,12.607168804927866,0,0.0044444446,150,,,,
2043,19.607584559305742,0,0.0044444446,150,,,,
2044,19.533907880988366,0,0.0044444446,150,,,,
2045,16.31572724552614,0,0.0044444446,150,,,,
2046,10.7629267103881,0,0.0044444446,150,,,,
2047,12.762977593962848,0,0.0044444446,150,,,,
2048,19.120749074972515,0,0.0044444446,150,,,,
2049,20.39785965824819,0,0.0044444446,150,,,,
2050,11.708278963938486,1,0.008888889,150,,,,
2051,14.954844024454502,0,0.0044444446,150,,,,
2052,18.956256897169094,0,0.0044444446,150,,,,
2053,14.23244426667592,0,0.0044444446,150,,,,
2054,17.233526383680285,0,0.0044444446,150,,,,
2055,14.343683932977903,0,0.0044444446,150,,,,
2056,17.46094957725741,0,0.0044444446,150,,,,
2057,11.283283807359027,0,0.0044444446,150,,,,
2058,18.376017425631947,0,0.0044444446,150,,,,
2059,16.547369761507646,0,0.0044444446,150,,,,
2060,16.773502730492847,0,0.0044444446,150,,,,
2061,18.07278430079326,0,0.0044444446,150,,,,
2062,14.208980391143069,0,0.0044444446,150,,,,
2063,14.931329328668546,0,0.008888889,150,,,,
2064,15.10620583768409,0,0.0044444446,150,,,,
2065,17.966771250172663,0,0.0044444446,150,,,,
2066,14.954844024454502,0,0.0044444446,150,,,,
2067,21.732089239800654,0,0.008888889,150,,,,
2068,13.056327786328392,0,0.0044444446,150,,,,
2069,17.100194915041296,0,0.0044444446,150,,,,
2070,12.24437313581743,0,0.0044444446,150,,,,
2071,14.592386345031503,0,0.008888889,150,,,,
2072,13.742433989693716,0,0.0044444446,150,,,,
2073,10.543486702671213,0,0.0044444446,150,,,,
2074,16.137237919997897,0,0.0044444446,150,,,,
2075,18.181322981665556,0,0.0044444446,150,,,,
2076,13.284438137413794,0,0.0044444446,150,,,,
2077,14.318627352341046,0,0.0044444446,150,,,,
2078,17.502174106167182,0,0.0044444446,150,,,,
2079,18.311015256594978,0,0.0044444446,150,,,,
2080,16.773502730492847,0,0.0044444446,150,,,,
2081,12.305136735158957,0,0.0044444446,150,,,,
2082,19.57997198838077,0,0.0044444446,150,,,,
2083,18.301388746487277,0,0.0044444446,150,,,,
2084,13.245721628376359,0,0.0044444446,150,,,,
2085,11.393766781182915,0,0.0044444446,150,,,,
2086,16.547369761507646,0,0.0044444446,150,,,,
2087,11.845010814591785,0,0.0044444446,150,,,,
2088,19.835798187264267,0,0.0044444446,150,,,,
2089,17.62497009731146,0,0.0044444446,150,,,,
2090,19.120749074972515,0,0.0044444446,150,,,,
2091,15.23761788213244,0,0.0044444446,150,,,,
2092,12.871771338165154,0,0.008888889,150,,,,
2093,11.681789881484939,0,0.0044444446,150,,,,
2094,17.97602332352262,0,0.0044444446,150,,,,
2095,11.276549868322277,0,0.0044444446,150,,,,
2096,17.679167434995446,0,0.0044444446,150,,,,
2097,17.100194915041296,0,0.0044444446,150,,,,
2098,18.351906625221552,0,0.0044444446,150,,,,
2099,18.181322981665556,0,0.0044444446,150,,,,
2100,15.997189967768335,0,0.0044444446,150,,,,
2101,19.508861961811075,0,0.0044444446,150,,,,
2102,10.873889492453763,0,0.0044444446,150,,,,
2103,12.033363930449855,0,0.008888889,150,,,,
2104,10.543486702671213,0,0.0044444446,150,,,,
2105,14.92004009639702,0,0.0044444446,150,,,,
2106,19.061751060915974,0,0.0044444446,150,,,,
2107,16.81785162794999,0,0.0044444446,150,,,,
2108,15.055417646426449,0,0.0044444446,150,,,,
2109,11.370054090023775,0,0.0044444446,150,,,,
2110,16.81785162794999,0,0.0044444446,150,,,,
2111,10.543486702671213,0,0.0044444446,150,,,,
2112,10.543486702671213,0,0.0044444446,150,,,,
2113,11.930660181346497,0,0.008888889,150,,,,
2114,10.695426575675295,0,0.0044444446,150,,,,
2115,16.137237919997897,0,0.0044444446,150,,,,
2116,18.07278430079326,0,0.0044444446,150,,,,
2117,19.87481592774869,0,0.0044444446,150,,,,
2118,13.541190169597268,0,0.0044444446,150,,,,
2119,19.06643715523947,0,0.0044444446,150,,,,
2120,17.62497009731146,0,0.0044444446,150,,,,
2121,14.351420687811434,0,0.0044444446,150,,,,
2122,14.99186576086176,0,0.0044444446,150,,,,
2123,18.484984014130617,0,0.0044444446,150,,,,
2124,18.484984014130617,0,0.0044444446,150,,,,
2125,19.64702416355737,0,0.0044444446,150,,,,
2126,17.232773516219083,0,0.0044444446,150,,,,
2127,17.08484157669815,0,0.0044444446,150,,,,
2128,19.945702679787757,0,0.0044444446,150,,,,
2129,13.956954788077852,0,0.0044444446,150,,,,
2130,10.543486702671213,0,0.0044444446,150,,,,
2131,11.146639657279184,0,0.0044444446,150,,,,
2132,13.86791314909349,0,0.0044444446,150,,,,
2133,20.628585128086602,0,0.0044444446,150,,,,
2134,17.747524750718487,0,0.0044444446,150,,,,
2135,19.29191974409367,0,0.0044444446,150,,,,
2136,18.351906625221552,0,0.0044444446,150,,,,
2137,11.40593608676668,0,0.0044444446,150,,,,
2138,19.533907880988366,0,0.0044444446,150,,,,
2139,18.679167434995446,0,0.008888889,150,,,,
2140,11.38294049941604,0,0.0044444446,150,,,,
2141,19.121022596973567,0,0.0044444446,150,,,,
2142,16.788197706954463,0,0.0044444446,150,,,,
2143,17.06377501479435,0,0.008888889,150,,,,
2144,15.415579677221409,0,0.0044444446,150,,,,
2145,10.543486702671213,0,0.0044444446,150,,,,
2146,12.607168804927866,0,0.0044444446,150,,,,
2147,19.05713084060507,0,0.0044444446,150,,,,
2148,17.502174106167182,0,0.0044444446,150,,,,
2149,17.747524750718487,0,0.0044444446,150,,,,
2150,10.695426575675295,0,0.0044444446,150,,,,
2151,16.788197706954463,0,0.0044444446,150,,,,
2152,12.305136735158957,0,0.0044444446,150,,,,
2153,13.822925520567075,0,0.0044444446,150,,,,
2154,11.383956234153693,0,0.0044444446,150,,,,
2155,20.732089239800654,0,0.0044444446,150,,,,
2156,13.79944012508685,0,0.0044444446,150,,,,
2157,14.25304298360152,0,0.0044444446,150,,,,
2158,11.006143844364917,0,0.0044444446,150,,,,
2159,13.284438137413794,0,0.0044444446,150,,,,
2160,13.0677893420612,1,0.008888889,150,,,,
2161,19.308140075297054,0,0.0044444446,150,,,,
2162,13.683034853085267,0,0.0044444446,150,,,,
2163,14.343984133389135,0,0.008888889,150,,,,
2164,10.7629267103881,0,0.0044444446,150,,,,
2165,14.686303262688195,0,0.008888889,150,,,,
2166,11.370054090023775,0,0.0044444446,150,,,,
2167,18.484984014130617,0,0.0044444446,150,,,,
2168,20.449718269956815,0,0.0044444446,150,,,,
2169,12.85277767047435,0,0.0044444446,150,,,,
2170,19.607584559305742,0,0.0044444446,150,,,,
2171,11.383956234153693,0,0.0044444446,150,,,,
2172,14.654250440555149,0,0.0044444446,150,,,,
2173,14.422892450211489,0,0.0044444446,150,,,,
2174,14.79027436284997,0,0.0044444446,150,,,,
2175,15.47600380206033,0,0.0044444446,150,,,,
2176,15.575872807019536,1,0.008888889,150,,,,
2177,18.311015256594978,0,0.0044444446,150,,,,
2178,19.914378793524108,0,0.008888889,150,,,,
2179,15.7859700002364,0,0.013333334,150,,,,
2180,17.232773516219083,0,0.0044444446,150,,,,
2181,14.264424064316646,0,0.0044444446,150,,,,
2182,17.233526383680285,0,0.0044444446,150,,,,
2183,16.240723575558647,0,0.0044444446,150,,,,
2184,20.325042625889175,0,0.0044444446,150,,,,
2185,10.692350820181623,0,0.0044444446,150,,,,
2186,20.819576333259572,0,0.0044444446,150,,,,
2187,12.610173793529292,0,0.0044444446,150,,,,
2188,13.909561661487963,0,0.008888889,150,,,,
2189,17.256615751057787,0,0.0044444446,150,,,,
2190,17.232773516219083,0,0.0044444446,150,,,,
2191,14.654250440555149,0,0.0044444446,150,,,,
2192,18.793750936290238,0,0.0044444446,150,,,,
2193,11.146639657279184,0,0.0044444446,150,,,,
2194,13.956954788077852,0,0.0044444446,150,,,,
2195,19.74592736152523,0,0.0044444446,150,,,,
2196,11.006143844364917,0,0.0044444446,150,,,,
2197,14.654250440555149,0,0.0044444446,150,,,,
2198,20.325042625889175,0,0.0044444446,150,,,,
2199,12.305136735158957,0,0.0044444446,150,,,,
2200,10.635622396658391,0,0.0044444446,150,,,,
2201,15.23761788213244,0,0.0044444446,150,,,,
2202,19.945702679787757,0,0.0044444446,150,,,,
2203,15.484298928732432,0,0.008888889,150,,,,
2204,17.787336143331874,0,0.008888889,150,,,,
2205,11.2663969873301,0,0.0044444446,150,,,,
2206,12.175145149424377,0,0.0044444446,150,,,,
2207,17.31318078603548,0,0.0044444446,150,,,,
2208,14.727217681017674,0,0.0044444446,150,,,,
2209,11.480465722865794,0,0.0044444446,150,,,,
2210,19.121022596973567,0,0.0044444446,150,,,,
2211,20.184339458193485,0,0.0044444446,150,,,,
2212,12.762977593962848,0,0.0044444446,150,,,,
2213,16.77277197926135,0,0.0044444446,150,,,,
2214,13.406297382851434,0,0.0044444446,150,,,,
2215,17.353434528129966,0,0.0044444446,150,,,,
2216,17.256615751057787,0,0.0044444446,150,,,,
2217,15.415579677221409,0,0.0044444446,150,,,,
2218,18.181322981665556,0,0.0044444446,150,,,,
2219,19.607584559305742,0,0.0044444446,150,,,,
2220,12.610173793529292,0,0.0044444446,150,,,,
2221,15.10620583768409,0,0.0044444446,150,,,,
2222,12.607168804927866,0,0.0044444446,150,,,,
2223,10.979956934840523,0,0.0044444446,150,,,,
2224,13.233585081812333,0,0.0044444446,150,,,,
2225,18.201123484253426,0,0.008888889,150,,,,
2226,10.732807580691762,0,0.0044444446,150,,,,
2227,11.276549868322277,0,0.0044444446,150,,,,
2228,17.28291193441255,0,0.0044444446,150,,,,
2229,13.86791314909349,0,0.0044444446,150,,,,
2230,13.284438137413794,0,0.0044444446,150,,,,
2231,11.574310520086993,0,0.0044444446,150,,,,
2232,13.98781108318186,0,0.0044444446,150,,,,
2233,11.574310520086993,0,0.0044444446,150,,,,
2234,15.430160824939026,0,0.0044444446,150,,,,
2235,13.595948810482376,0,0.0044444446,150,,,,
2236,13.742433989693716,0,0.0044444446,150,,,,
2237,19.57997198838077,0,0.0044444446,150,,,,
2238,11.276549868322277,0,0.0044444446,150,,,,
2239,13.742433989693716,0,0.0044444446,150,,,,
2240,11.146639657279184,0,0.0044444446,150,,,,
2241,18.327071142407476,0,0.0044444446,150,,,,
2242,10.67464451194472,0,0.0044444446,150,,,,
2243,18.588757269947415,0,0.008888889,150,,,,
2244,20.028005134723752,0,0.0044444446,150,,,,
2245,18.190529219760414,0,0.008888889,150,,,,
2246,19.05713084060507,0,0.0044444446,150,,,,
2247,10.67464451194472,0,0.0044444446,150,,,,
2248,18.376017425631947,0,0.0044444446,150,,,,
2249,15.430160824939026,0,0.0044444446,150,,,,
2250,14.857384807339788,0,0.0044444446,150,,,,
2251,17.6787624417494,0,0.008888889,150,,,,
2252,12.610173793529292,0,0.0044444446,150,,,,
2253,15.274194926306475,0,0.0044444446,150,,,,
2254,20.524109623844765,0,0.0044444446,150,,,,
2255,15.23761788213244,0,0.0044444446,150,,,,
2256,11.681789881484939,0,0.0044444446,150,,,,
2257,16.31572724552614,0,0.0044444446,150,,,,
2258,17.232773516219083,0,0.0044444446,150,,,,
2259,11.283283807359027,0,0.0044444446,150,,,,
2260,11.2663969873301,0,0.0044444446,150,,,,
2261,20.383612712305563,0,0.0044444446,150,,,,
2262,15.16811503467872,0,0.0044444446,150,,,,
2263,16.240723575558647,0,0.0044444446,150,,,,
2264,18.956256897169094,0,0.0044444446,150,,,,
2265,13.854174606381289,1,0.008888889,150,,,,
2266,19.014164067786094,1,0.008888889,150,,,,
2267,16.21539606718895,0,0.008888889,150,,,,
2268,17.598558790785276,0,0.0044444446,150,,,,
2269,17.62497009731146,0,0.0044444446,150,,,,
2270,15.055417646426449,0,0.0044444446,150,,,,
2271,12.607168804927866,0,0.0044444446,150,,,,
2272,14.25304298360152,0,0.0044444446,150,,,,
2273,14.091521790691111,0,0.0044444446,150,,,,
2274,11.480465722865794,0,0.0044444446,150,,,,
2275,12.24437313581743,0,0.0044444446,150,,,,
2276,19.308140075297054,0,0.0044444446,150,,,,
2277,12.762977593962848,0,0.0044444446,150,,,,
2278,14.343683932977903,0,0.0044444446,150,,,,
2279,15.23761788213244,0,0.0044444446,150,,,,
2280,19.061751060915974,0,0.0044444446,150,,,,
2281,11.480465722865794,0,0.0044444446,150,,,,
2282,12.04503956032761,0,0.0044444446,150,,,,
2283,15.264424064316646,0,0.008888889,150,,,,
2284,13.026081426071244,0,0.0044444446,150,,,,
2285,19.308140075297054,0,0.0044444446,150,,,,
2286,11.119975810393544,0,0.0044444446,150,,,,
2287,14.954844024454502,0,0.0044444446,150,,,,
2288,15.33638737220802,0,0.0044444446,150,,,,
2289,12.253753626625816,0,0.0044444446,150,,,,
2290,12.702826852865268,0,0.0044444446,150,,,,
2291,16.667089651722335,0,0.008888889,150,,,,
2292,18.301388746487277,0,0.0044444446,150,,,,
2293,20.184339458193485,0,0.0044444446,150,,,,
2294,16.981106971044866,0,0.008888889,150,,,,
2295,12.522608046943592,0,0.0044444446,150,,,,
2296,20.819576333259572,0,0.0044444446,150,,,,
2297,11.283283807359027,0,0.0044444446,150,,,,
2298,19.29191974409367,0,0.0044444446,150,,,,
2299,11.845010814591785,0,0.0044444446,150,,,,
2300,12.175145149424377,0,0.0044444446,150,,,,
2301,12.175145149424377,0,0.0044444446,150,,,,
2302,19.87481592774869,0,0.0044444446,150,,,,
2303,18.956256897169094,0,0.0044444446,150,,,,
2304,13.69291458917294,0,0.0044444446,150,,,,
2305,11.146639657279184,0,0.0044444446,150,,,,
2306,13.86791314909349,0,0.0044444446,150,,,,
2307,16.89248213906374,0,0.0044444446,150,,,,
2308,15.274194926306475,0,0.0044444446,150,,,,
2309,14.343683932977903,0,0.0044444446,150,,,,
2310,14.857384807339788,0,0.0044444446,150,,,,
2311,13.406297382851434,0,0.0044444446,150,,,,
2312,19.607584559305742,0,0.0044444446,150,,,,
2313,18.956256897169094,0,0.0044444446,150,,,,
2314,10.53179461053692,0,0.0044444446,150,,,,
2315,15.10620583768409,0,0.0044444446,150,,,,
2316,12.762977593962848,0,0.0044444446,150,,,,
2317,20.325042625889175,0,0.0044444446,150,,,,
2318,16.35169396309533,0,0.008888889,150,,,,
2319,17.767726424236223,1,0.008888889,150,,,,
2320,19.945702679787757,0,0.0044444446,150,,,,
2321,18.793750936290238,0,0.0044444446,150,,,,
2322,13.69291458917294,0,0.0044444446,150,,,,
2323,16.08530541924007,0,0.0044444446,150,,,,
2324,19.24198234404729,0,0.008888889,150,,,,
2325,15.215396067188951,0,0.0044444446,150,,,,
2326,17.28291193441255,0,0.0044444446,150,,,,
2327,13.595948810482376,0,0.0044444446,150,,,,
2328,13.595948810482376,0,0.0044444446,150,,,,
2329,15.274194926306475,0,0.0044444446,150,,,,
2330,17.62497009731146,0,0.0044444446,150,,,,
2331,20.524109623844765,0,0.0044444446,150,,,,
2332,13.396639807246803,0,0.0044444446,150,,,,
2333,11.352108763033211,0,0.0044444446,150,,,,
2334,14.343683932977903,0,0.0044444446,150,,,,
2335,12.150122442574954,0,0.0044444446,150,,,,
2336,10.979956934840523,0,0.0044444446,150,,,,
2337,20.732089239800654,0,0.0044444446,150,,,,
2338,18.508868831793528,0,0.008888889,150,,,,
2339,15.415579677221409,0,0.0044444446,150,,,,
2340,17.232773516219083,0,0.0044444446,150,,,,
2341,18.956256897169094,0,0.0044444446,150,,,,
2342,10.979956934840523,0,0.0044444446,150,,,,
2343,18.956256897169094,0,0.0044444446,150,,,,
2344,17.31318078603548,0,0.0044444446,150,,,,
2345,17.232773516219083,0,0.0044444446,150,,,,
2346,17.353434528129966,0,0.0044444446,150,,,,
2347,15.274194926306475,0,0.0044444446,150,,,,
2348,15.47600380206033,0,0.0044444446,150,,,,
2349,13.233585081812333,0,0.0044444446,150,,,,
2350,16.81785162794999,0,0.0044444446,150,,,,
2351,21.188214676882808,0,0.008888889,150,,,,
2352,16.904367700682606,0,0.008888889,150,,,,
2353,12.522608046943592,0,0.0044444446,150,,,,
2354,18.376017425631947,0,0.0044444446,150,,,,
2355,15.16811503467872,0,0.0044444446,150,,,,
2356,10.695426575675295,0,0.0044444446,150,,,,
2357,13.899596823724792,0,0.0044444446,150,,,,
2358,12.305136735158957,0,0.0044444446,150,,,,
2359,11.480465722865794,0,0.0044444446,150,,,,
2360,15.055417646426449,0,0.0044444446,150,,,,
2361,12.150122442574954,0,0.0044444446,150,,,,
2362,13.284438137413794,0,0.0044444446,150,,,,
2363,19.308140075297054,0,0.0044444446,150,,,,
2364,11.352108763033211,0,0.0044444446,150,,,,
2365,11.734219756714896,0,0.0044444446,150,,,,
2366,10.891184771726675,0,0.0044444446,150,,,,
2367,16.77277197926135,0,0.0044444446,150,,,,
2368,17.076971756999047,0,0.008888889,150,,,,
2369,13.406297382851434,0,0.0044444446,150,,,,
2370,14.422892450211489,0,0.0044444446,150,,,,
2371,17.28291193441255,0,0.0044444446,150,,,,
2372,15.15485903512445,0,0.0044444446,150,,,,
2373,14.343683932977903,0,0.0044444446,150,,,,
2374,17.502174106167182,0,0.0044444446,150,,,,
2375,13.718516952683991,0,0.0044444446,150,,,,
2376,19.64702416355737,0,0.0044444446,150,,,,
2377,15.33638737220802,0,0.0044444446,150,,,,
2378,17.390666232337797,0,0.0044444446,150,,,,
2379,13.396639807246803,0,0.0044444446,150,,,,
2380,16.31572724552614,0,0.0044444446,150,,,,
2381,13.284438137413794,0,0.0044444446,150,,,,
2382,13.956954788077852,0,0.0044444446,150,,,,
2383,20.184339458193485,0,0.0044444446,150,,,,
2384,18.301388746487277,0,0.0044444446,150,,,,
2385,19.24689260639333,0,0.0044444446,150,,,,
2386,10.543486702671213,0,0.0044444446,150,,,,
2387,20.524109623844765,0,0.0044444446,150,,,,
2388,11.119975810393544,0,0.0044444446,150,,,,
2389,14.091521790691111,0,0.0044444446,150,,,,
2390,20.383612712305563,0,0.0044444446,150,,,,
2391,12.008729270656506,0,0.0044444446,150,,,,
2392,14.422892450211489,0,0.0044444446,150,,,,
2393,15.15485903512445,0,0.0044444446,150,,,,
2394,13.986518456711273,0,0.0044444446,150,,,,
2395,10.891184771726675,0,0.0044444446,150,,,,
2396,17.256615751057787,0,0.0044444446,150,,,,
2397,13.595948810482376,0,0.0044444446,150,,,,
2398,14.843897428206038,0,0.008888889,150,,,,
2399,10.873889492453763,0,0.0044444446,150,,,,
2400,18.311015256594978,0,0.0044444446,150,,,,
2401,13.86791314909349,0,0.0044444446,150,,,,
2402,14.654250440555149,0,0.0044444446,150,,,,
2403,14.654250440555149,0,0.0044444446,150,,,,
2404,16.773502730492847,0,0.0044444446,150,,,,
2405,18.376017425631947,0,0.0044444446,150,,,,
2406,13.026081426071244,0,0.0044444446,150,,,,
2407,13.541190169597268,0,0.0044444446,150,,,,
2408,20.732089239800654,0,0.0044444446,150,,,,
2409,11.2663969873301,0,0.0044444446,150,,,,
2410,15.415579677221409,0,0.0044444446,150,,,,
2411,17.062738112442613,0,0.0044444446,150,,,,
2412,19.789722110930196,0,0.0044444446,150,,,,
2413,13.899596823724792,0,0.0044444446,150,,,,
2414,17.233526383680285,0,0.0044444446,150,,,,
2415,17.353434528129966,0,0.0044444446,150,,,,
2416,18.667554803799217,0,0.0044444446,150,,,,
2417,14.857384807339788,0,0.0044444446,150,,,,
2418,18.301388746487277,0,0.0044444446,150,,,,
2419,19.308140075297054,0,0.0044444446,150,,,,
2420,12.762977593962848,0,0.0044444446,150,,,,
2421,12.607168804927866,0,0.0044444446,150,,,,
2422,12.290680793129969,0,0.0044444446,150,,,,
2423,20.184339458193485,0,0.0044444446,150,,,,
2424,19.308140075297054,0,0.0044444446,150,,,,
2425,15.739563730302478,1,0.008888889,150,,,,
2426,17.966771250172663,0,0.0044444446,150,,,,
2427,14.25304298360152,0,0.0044444446,150,,,,
2428,14.954844024454502,0,0.0044444446,150,,,,
2429,19.57997198838077,0,0.0044444446,150,,,,
2430,10.7629267103881,0,0.0044444446,150,,,,
2431,11.2663969873301,0,0.0044444446,150,,,,
2432,18.956256897169094,0,0.0044444446,150,,,,
2433,12.610173793529292,0,0.0044444446,150,,,,
2434,14.654250440555149,0,0.0044444446,150,,,,
2435,17.966771250172663,0,0.0044444446,150,,,,
2436,11.393766781182915,0,0.0044444446,150,,,,
2437,18.585709542719695,0,0.013333334,150,,,,
2438,20.732089239800654,0,0.0044444446,150,,,,
2439,14.977949208163565,0,0.008888889,150,,,,
2440,10.873889492453763,0,0.0044444446,150,,,,
2441,17.256615751057787,0,0.0044444446,150,,,,
2442,12.305136735158957,0,0.0044444446,150,,,,
2443,19.05713084060507,0,0.0044444446,150,,,,
2444,13.94518289286976,0,0.0044444446,150,,,,
2445,12.290680793129969,0,0.0044444446,150,,,,
2446,18.956256897169094,0,0.0044444446,150,,,,
2447,15.10620583768409,0,0.0044444446,150,,,,
2448,19.74592736152523,0,0.0044444446,150,,,,
2449,13.150122442574954,0,0.008888889,150,,,,
2450,16.773502730492847,0,0.0044444446,150,,,,
2451,18.484984014130617,0,0.0044444446,150,,,,
2452,16.81785162794999,0,0.0044444446,150,,,,
2453,12.568883936634084,0,0.0044444446,150,,,,
2454,17.552262076047796,0,0.008888889,150,,,,
2455,10.891184771726675,0,0.0044444446,150,,,,
2456,13.026081426071244,0,0.0044444446,150,,,,
2457,16.240723575558647,0,0.0044444446,150,,,,
2458,12.418806087927354,0,0.008888889,150,,,,
2459,10.53179461053692,0,0.0044444446,150,,,,
2460,18.956256897169094,0,0.0044444446,150,,,,
2461,16.240723575558647,0,0.0044444446,150,,,,
2462,12.470989067537811,0,0.0044444446,150,,,,
2463,19.789722110930196,0,0.0044444446,150,,,,
2464,12.150122442574954,0,0.0044444446,150,,,,
2465,17.08484157669815,0,0.0044444446,150,,,,
2466,12.610173793529292,0,0.0044444446,150,,,,
2467,16.31572724552614,0,0.0044444446,150,,,,
2468,15.65796638711462,0,0.0044444446,150,,,,
2469,19.607584559305742,0,0.0044444446,150,,,,
2470,13.69291458917294,0,0.0044444446,150,,,,
2471,20.062195020554974,0,0.0044444446,150,,,,
2472,17.591433441268546,0,0.008888889,150,,,,
2473,14.79027436284997,0,0.0044444446,150,,,,
2474,12.008729270656506,0,0.0044444446,150,,,,
2475,17.62497009731146,0,0.0044444446,150,,,,
2476,17.100194915041296,0,0.0044444446,150,,,,
2477,14.264424064316646,0,0.0044444446,150,,,,
2478,13.020144036085792,0,0.0044444446,150,,,,
2479,18.301388746487277,0,0.0044444446,150,,,,
2480,20.846150212100632,0,0.0044444446,150,,,,
2481,13.94518289286976,0,0.0044444446,150,,,,
2482,12.85277767047435,0,0.0044444446,150,,,,
2483,18.311015256594978,0,0.0044444446,150,,,,
2484,11.574310520086993,0,0.0044444446,150,,,,
2485,11.47924953018165,0,0.0044444446,150,,,,
2486,12.290680793129969,0,0.0044444446,150,,,,
2487,15.15485903512445,0,0.0044444446,150,,,,
2488,11.119975810393544,0,0.0044444446,150,,,,
2489,18.207121529750452,0,0.0044444446,150,,,,
2490,12.008729270656506,0,0.0044444446,150,,,,
2491,17.598558790785276,0,0.0044444446,150,,,,
2492,20.508861961811075,0,0.008888889,150,,,,
2493,17.62497009731146,0,0.0044444446,150,,,,
2494,16.547369761507646,0,0.0044444446,150,,,,
2495,17.779520498380172,0,0.008888889,150,,,,
2496,17.598558790785276,0,0.0044444446,150,,,,
2497,11.07265099286984,0,0.0044444446,150,,,,
2498,20.38870703937855,0,0.008888889,150,,,,
2499,21.016624703993738,0,0.008888889,150,,,,
2500,17.82805921430324,0,0.0044444446,150,,,,
2501,12.305136735158957,0,0.0044444446,150,,,,
2502,16.77277197926135,0,0.0044444446,150,,,,
2503,18.311015256594978,0,0.0044444446,150,,,,
2504,19.537033006897484,0,0.0044444446,150,,,,
2505,11.393766781182915,0,0.0044444446,150,,,,
2506,19.120749074972515,0,0.0044444446,150,,,,
2507,16.944943600862217,0,0.008888889,150,,,,
2508,11.47924953018165,0,0.0044444446,150,,,,
2509,11.370054090023775,0,0.0044444446,150,,,,
2510,18.63694882306385,0,0.0044444446,150,,,,
2511,19.533907880988366,0,0.0044444446,150,,,,
2512,17.62497009731146,0,0.0044444446,150,,,,
2513,19.607584559305742,0,0.0044444446,150,,,,
2514,17.04283451613552,0,0.008888889,150,,,,
2515,17.062738112442613,0,0.0044444446,150,,,,
2516,13.595948810482376,0,0.0044444446,150,,,,
2517,19.330512948177315,0,0.0044444446,150,,,,
2518,15.430160824939026,0,0.0044444446,150,,,,
2519,14.954844024454502,0,0.0044444446,150,,,,
2520,18.91268515544731,0,0.0044444446,150,,,,
2521,20.628585128086602,0,0.0044444446,150,,,,
2522,13.98781108318186,0,0.0044444446,150,,,,
2523,13.956954788077852,0,0.0044444446,150,,,,
2524,11.47924953018165,0,0.0044444446,150,,,,
2525,17.100194915041296,0,0.0044444446,150,,,,
2526,13.79944012508685,0,0.0044444446,150,,,,
2527,13.541190169597268,0,0.0044444446,150,,,,
2528,16.773502730492847,0,0.0044444446,150,,,,
2529,19.671927498138086,0,0.0044444446,150,,,,
2530,13.401296355824346,1,0.008888889,150,,,,
2531,13.79944012508685,0,0.0044444446,150,,,,
2532,14.422892450211489,0,0.0044444446,150,,,,
2533,18.181322981665556,0,0.0044444446,150,,,,
2534,20.732089239800654,0,0.0044444446,150,,,,
2535,17.679167434995446,0,0.0044444446,150,,,,
2536,11.146639657279184,0,0.0044444446,150,,,,
2537,14.00721411537852,0,0.008888889,150,,,,
2538,16.547369761507646,0,0.0044444446,150,,,,
2539,11.006143844364917,0,0.0044444446,150,,,,
2540,14.473987699452316,0,0.008888889,150,,,,
2541,11.480465722865794,0,0.0044444446,150,,,,
2542,15.828392381456737,0,0.0044444446,150,,,,
2543,19.87481592774869,0,0.0044444446,150,,,,
2544,11.40593608676668,0,0.0044444446,150,,,,
2545,15.215396067188951,0,0.0044444446,150,,,,
2546,13.79944012508685,0,0.0044444446,150,,,,
2547,11.38294049941604,0,0.0044444446,150,,,,
2548,19.24689260639333,0,0.0044444446,150,,,,
2549,16.77277197926135,0,0.0044444446,150,,,,
2550,19.87481592774869,0,0.0044444446,150,,,,
2551,15.430160824939026,0,0.0044444446,150,,,,
2552,14.422892450211489,0,0.0044444446,150,,,,
2553,20.325042625889175,0,0.0044444446,150,,,,
2554,14.654250440555149,0,0.0044444446,150,,,,
2555,12.85277767047435,0,0.0044444446,150,,,,
2556,16.788197706954463,0,0.0044444446,150,,,,
2557,18.81019331999254,0,0.0044444446,150,,,,
2558,13.98781108318186,0,0.0044444446,150,,,,
2559,18.207121529750452,0,0.0044444446,150,,,,
2560,16.547369761507646,0,0.0044444446,150,,,,
2561,12.522608046943592,0,0.0044444446,150,,,,
2562,15.47600380206033,0,0.0044444446,150,,,,
2563,13.956954788077852,0,0.0044444446,150,,,,
2564,20.383612712305563,0,0.0044444446,150,,,,
2565,11.480465722865794,0,0.0044444446,150,,,,
2566,17.08484157669815,0,0.0044444446,150,,,,
2567,15.623953166260016,0,0.008888889,150,,,,
2568,18.311015256594978,0,0.0044444446,150,,,,
2569,13.94518289286976,0,0.0044444446,150,,,,
2570,11.38294049941604,0,0.0044444446,150,,,,
2571,19.842391440765514,0,0.0044444446,150,,,,
2572,14.422892450211489,0,0.0044444446,150,,,,
2573,18.08746356485061,0,0.008888889,150,,,,
2574,14.091521790691111,0,0.0044444446,150,,,,
2575,11.07265099286984,0,0.0044444446,150,,,,
2576,12.762977593962848,0,0.0044444446,150,,,,
2577,19.121022596973567,0,0.0044444446,150,,,,
2578,10.7629267103881,0,0.0044444446,150,,,,
2579,14.091521790691111,0,0.0044444446,150,,,,
2580,15.997189967768335,0,0.0044444446,150,,,,
2581,20.628585128086602,0,0.0044444446,150,,,,
2582,15.369847971624019,0,0.008888889,150,,,,
2583,14.351420687811434,0,0.0044444446,150,,,,
2584,15.522701353536444,0,0.008888889,150,,,,
2585,18.463640453979547,0,0.008888889,150,,,,
2586,18.045003107913164,0,0.0044444446,150,,,,
2587,14.23244426667592,0,0.0044444446,150,,,,
2588,18.07278430079326,0,0.0044444446,150,,,,
2589,20.248109206939713,0,0.0044444446,150,,,,
2590,19.24689260639333,0,0.0044444446,150,,,,
2591,15.274194926306475,0,0.0044444446,150,,,,
2592,17.390666232337797,0,0.0044444446,150,,,,
2593,11.370054090023775,0,0.0044444446,150,,,,
2594,19.835798187264267,0,0.0044444446,150,,,,
2595,16.31572724552614,0,0.0044444446,150,,,,
2596,17.585463196158532,0,0.013333334,150,,,,
2597,17.089846854235084,0,0.008888889,150,,,,
2598,11.119975810393544,0,0.0044444446,150,,,,
2599,18.327071142407476,0,0.0044444446,150,,,,
2600,20.558579962456122,0,0.0044444446,150,,,,
2601,14.822925520567075,0,0.008888889,150,,,,
2602,15.15485903512445,0,0.0044444446,150,,,,
2603,13.788190254351978,0,0.008888889,150,,,,
2604,18.82810533336312,0,0.0044444446,150,,,,
2605,18.91268515544731,0,0.0044444446,150,,,,
2606,15.16811503467872,0,0.0044444446,150,,,,
2607,12.880459993715817,0,0.008888889,150,,,,
2608,18.207121529750452,0,0.0044444446,150,,,,
2609,11.914805956013115,0,0.008888889,150,,,,
2610,18.82810533336312,0,0.0044444446,150,,,,
2611,19.480926256747395,0,0.008888889,150,,,,
2612,17.211575346975902,0,0.008888889,150,,,,
2613,13.899596823724792,0,0.0044444446,150,,,,
2614,13.284438137413794,0,0.0044444446,150,,,,
2615,17.82805921430324,0,0.0044444446,150,,,,
2616,19.120749074972515,0,0.0044444446,150,,,,
2617,17.28291193441255,0,0.0044444446,150,,,,
2618,14.977730067617497,0,0.013333334,150,,,,
2619,12.470989067537811,0,0.0044444446,150,,,,
2620,14.857384807339788,0,0.0044444446,150,,,,
2621,13.98781108318186,0,0.0044444446,150,,,,
2622,18.429531412711487,0,0.008888889,150,,,,
2623,15.828392381456737,0,0.0044444446,150,,,,
2624,17.7568379948424,0,0.008888889,150,,,,
2625,16.81785162794999,0,0.0044444446,150,,,,
2626,19.87481592774869,0,0.0044444446,150,,,,
2627,13.69291458917294,0,0.0044444446,150,,,,
2628,16.547369761507646,0,0.0044444446,150,,,,
2629,12.702826852865268,0,0.0044444446,150,,,,
2630,10.53179461053692,0,0.0044444446,150,,,,
2631,11.07265099286984,0,0.0044444446,150,,,,
2632,16.89248213906374,0,0.0044444446,150,,,,
2633,13.986518456711273,0,0.0044444446,150,,,,
2634,13.69291458917294,0,0.0044444446,150,,,,
2635,13.86791314909349,0,0.0044444446,150,,,,
2636,11.38294049941604,0,0.0044444446,150,,,,
2637,14.92004009639702,0,0.0044444446,150,,,,
2638,11.006143844364917,0,0.0044444446,150,,,,
2639,11.845010814591785,0,0.0044444446,150,,,,
2640,10.732807580691762,0,0.0044444446,150,,,,
2641,18.82810533336312,0,0.0044444446,150,,,,
2642,10.692350820181623,0,0.0044444446,150,,,,
2643,13.982677096867054,0,0.008888889,150,,,,
2644,20.868529243094503,0,0.0044444446,150,,,,
2645,11.980702694099815,0,0.0044444446,150,,,,
2646,13.406297382851434,0,0.0044444446,150,,,,
2647,18.774295994441495,0,0.0044444446,150,,,,
2648,10.543486702671213,0,0.0044444446,150,,,,
2649,14.654250440555149,0,0.0044444446,150,,,,
2650,17.82805921430324,0,0.0044444446,150,,,,
2651,14.208980391143069,0,0.0044444446,150,,,,
2652,11.393766781182915,0,0.0044444446,150,,,,
2653,12.290680793129969,0,0.0044444446,150,,,,
2654,15.65796638711462,0,0.0044444446,150,,,,
2655,13.69291458917294,0,0.0044444446,150,,,,
2656,11.574310520086993,0,0.0044444446,150,,,,
2657,13.786480090279074,1,0.017777778,150,,,,
2658,18.207121529750452,0,0.0044444446,150,,,,
2659,19.120749074972515,0,0.0044444446,150,,,,
2660,14.264424064316646,0,0.0044444446,150,,,,
2661,20.819576333259572,0,0.0044444446,150,,,,
2662,17.08484157669815,0,0.0044444446,150,,,,
2663,12.86306108335555,0,0.008888889,150,,,,
2664,11.146639657279184,0,0.0044444446,150,,,,
2665,18.181322981665556,0,0.0044444446,150,,,,
2666,19.533907880988366,0,0.0044444446,150,,,,
2667,12.85277767047435,0,0.0044444446,150,,,,
2668,20.056301226450312,0,0.0044444446,150,,,,
2669,12.597510328139272,0,0.0044444446,150,,,,
2670,19.330512948177315,0,0.0044444446,150,,,,
2671,17.390666232337797,0,0.0044444446,150,,,,
2672,15.997189967768335,0,0.0044444446,150,,,,
2673,14.99186576086176,0,0.0044444446,150,,,,
2674,17.390666232337797,0,0.0044444446,150,,,,
2675,13.406297382851434,0,0.0044444446,150,,,,
2676,13.284438137413794,0,0.0044444446,150,,,,
2677,10.695426575675295,0,0.0044444446,150,,,,
2678,12.85277767047435,0,0.0044444446,150,,,,
2679,20.39785965824819,0,0.0044444446,150,,,,
2680,16.34999999795795,0,0.008888889,150,,,,
2681,13.056327786328392,0,0.0044444446,150,,,,
2682,14.208980391143069,0,0.0044444446,150,,,,
2683,14.79027436284997,0,0.0044444446,150,,,,
2684,18.07278430079326,0,0.0044444446,150,,,,
2685,12.607168804927866,0,0.0044444446,150,,,,
2686,11.574310520086993,0,0.0044444446,150,,,,
2687,11.119975810393544,0,0.0044444446,150,,,,
2688,13.683034853085267,0,0.0044444446,150,,,,
2689,19.895532436647827,0,0.0044444446,150,,,,
2690,12.702826852865268,0,0.0044444446,150,,,,
2691,13.396639807246803,0,0.0044444446,150,,,,
2692,14.208980391143069,0,0.0044444446,150,,,,
2693,13.233585081812333,0,0.0044444446,150,,,,
2694,19.945702679787757,0,0.0044444446,150,,,,
2695,10.67464451194472,0,0.0044444446,150,,,,
2696,10.7629267103881,0,0.0044444446,150,,,,
2697,17.28291193441255,0,0.0044444446,150,,,,
2698,14.343683932977903,0,0.0044444446,150,,,,
2699,14.92004009639702,0,0.0044444446,150,,,,
2700,18.667554803799217,0,0.0044444446,150,,,,
2701,12.253753626625816,0,0.0044444446,150,,,,
2702,20.846150212100632,0,0.0044444446,150,,,,
2703,18.91268515544731,0,0.0044444446,150,,,,
2704,16.08530541924007,0,0.0044444446,150,,,,
2705,19.06643715523947,0,0.0044444446,150,,,,
2706,19.24689260639333,0,0.0044444446,150,,,,
2707,19.789722110930196,0,0.0044444446,150,,,,
2708,18.484984014130617,0,0.0044444446,150,,,,
2709,20.056301226450312,0,0.0044444446,150,,,,
2710,13.742433989693716,0,0.0044444446,150,,,,
2711,16.240723575558647,0,0.0044444446,150,,,,
2712,16.31572724552614,0,0.0044444446,150,,,,
2713,11.146639657279184,0,0.0044444446,150,,,,
2714,18.04279824360953,0,0.008888889,150,,,,
2715,12.568883936634084,0,0.0044444446,150,,,,
2716,14.25304298360152,0,0.0044444446,150,,,,
2717,17.256615751057787,0,0.0044444446,150,,,,
2718,11.276549868322277,0,0.0044444446,150,,,,
2719,11.283283807359027,0,0.0044444446,150,,,,
2720,15.16811503467872,0,0.0044444446,150,,,,
2721,20.684898926093442,0,0.0044444446,150,,,,
2722,13.986518456711273,0,0.0044444446,150,,,,
2723,18.093797675189702,0,0.008888889,150,,,,
2724,17.256615751057787,0,0.0044444446,150,,,,
2725,16.547369761507646,0,0.0044444446,150,,,,
2726,20.39785965824819,0,0.0044444446,150,,,,
2727,19.842391440765514,0,0.0044444446,150,,,,
2728,17.82805921430324,0,0.0044444446,150,,,,
2729,20.028005134723752,0,0.0044444446,150,,,,
2730,17.390666232337797,0,0.0044444446,150,,,,
2731,19.330512948177315,0,0.0044444446,150,,,,
2732,18.907438899469245,0,0.008888889,150,,,,
2733,16.89248213906374,0,0.0044444446,150,,,,
2734,18.91268515544731,0,0.0044444446,150,,,,
2735,13.020144036085792,0,0.0044444446,150,,,,
2736,20.39785965824819,0,0.0044444446,150,,,,
2737,14.92004009639702,0,0.0044444446,150,,,,
2738,20.868529243094503,0,0.0044444446,150,,,,
2739,15.274194926306475,0,0.0044444446,150,,,,
2740,13.056327786328392,0,0.0044444446,150,,,,
2741,20.732089239800654,0,0.0044444446,150,,,,
2742,11.38294049941604,0,0.0044444446,150,,,,
2743,13.595948810482376,0,0.0044444446,150,,,,
2744,16.77277197926135,0,0.0044444446,150,,,,
2745,11.2663969873301,0,0.0044444446,150,,,,
2746,14.264424064316646,0,0.0044444446,150,,,,
2747,18.91268515544731,0,0.0044444446,150,,,,
2748,17.100194915041296,0,0.0044444446,150,,,,
2749,13.86791314909349,0,0.0044444446,150,,,,
2750,18.91268515544731,0,0.0044444446,150,,,,
2751,20.184339458193485,0,0.0044444446,150,,,,
2752,18.82810533336312,0,0.0044444446,150,,,,
2753,15.23761788213244,0,0.0044444446,150,,,,
2754,11.681789881484939,0,0.0044444446,150,,,,
2755,14.92004009639702,0,0.0044444446,150,,,,
2756,18.667554803799217,0,0.0044444446,150,,,,
2757,13.233585081812333,0,0.0044444446,150,,,,
2758,12.253753626625816,0,0.0044444446,150,,,,
2759,13.79944012508685,0,0.0044444446,150,,,,
2760,18.351906625221552,0,0.0044444446,150,,,,
2761,10.53179461053692,0,0.0044444446,150,,,,
2762,18.97602332352262,0,0.008888889,150,,,,
2763,12.470989067537811,0,0.0044444446,150,,,,
2764,17.235121918479358,0,0.0044444446,150,,,,
2765,14.318627352341046,0,0.0044444446,150,,,,
2766,17.256615751057787,0,0.0044444446,150,,,,
2767,14.92004009639702,0,0.0044444446,150,,,,
2768,17.256615751057787,0,0.0044444446,150,,,,
2769,20.028005134723752,0,0.0044444446,150,,,,
2770,13.89170658049726,0,0.008888889,150,,,,
2771,20.819576333259572,0,0.0044444446,150,,,,
2772,16.547369761507646,0,0.0044444446,150,,,,
2773,15.274194926306475,0,0.0044444446,150,,,,
2774,20.325042625889175,0,0.0044444446,150,,,,
2775,13.056327786328392,0,0.0044444446,150,,,,
2776,12.597510328139272,0,0.0044444446,150,,,,
2777,20.184339458193485,0,0.0044444446,150,,,,
2778,17.100194915041296,0,0.0044444446,150,,,,
2779,18.484984014130617,0,0.0044444446,150,,,,
2780,11.574310520086993,0,0.0044444446,150,,,,
2781,17.747524750718487,0,0.0044444446,150,,,,
2782,14.318627352341046,0,0.0044444446,150,,,,
2783,14.954844024454502,0,0.0044444446,150,,,,
2784,17.390666232337797,0,0.0044444446,150,,,,
2785,13.861378716165955,1,0.013333334,150,,,,
2786,19.06643715523947,0,0.0044444446,150,,,,
2787,12.607168804927866,0,0.0044444446,150,,,,
2788,14.654250440555149,0,0.0044444446,150,,,,
2789,17.08484157669815,0,0.0044444446,150,,,,
2790,13.245721628376359,0,0.0044444446,150,,,,
2791,18.202788427085284,0,0.0044444446,150,,,,
2792,13.033920028148184,0,0.0044444446,150,,,,
2793,13.98781108318186,0,0.0044444446,150,,,,
2794,11.119975810393544,0,0.0044444446,150,,,,
2795,13.98781108318186,0,0.0044444446,150,,,,
2796,11.574310520086993,0,0.0044444446,150,,,,
2797,20.453332259733166,0,0.013333334,150,,,,
2798,20.325042625889175,0,0.0044444446,150,,,,
2799,11.07265099286984,0,0.0044444446,150,,,,
2800,14.654250440555149,0,0.0044444446,150,,,,
2801,14.351420687811434,0,0.0044444446,150,,,,
2802,16.547369761507646,0,0.0044444446,150,,,,
2803,17.233526383680285,0,0.0044444446,150,,,,
2804,14.99186576086176,0,0.0044444446,150,,,,
2805,12.166692862254667,0,0.008888889,150,,,,
2806,14.857384807339788,0,0.0044444446,150,,,,
2807,19.537033006897484,0,0.0044444446,150,,,,
2808,11.480465722865794,0,0.0044444446,150,,,,
2809,13.79944012508685,0,0.0044444446,150,,,,
2810,12.157889586539941,0,0.0044444446,150,,,,
2811,20.449718269956815,0,0.0044444446,150,,,,
2812,14.79027436284997,0,0.0044444446,150,,,,
2813,19.537033006897484,0,0.0044444446,150,,,,
2814,10.695426575675295,0,0.0044444446,150,,,,
2815,13.956954788077852,0,0.0044444446,150,,,,
2816,18.232208823421647,0,0.013333334,150,,,,
2817,13.305879155293347,0,0.008888889,150,,,,
2818,12.352615856371756,0,0.008888889,150,,,,
2819,11.393766781182915,0,0.0044444446,150,,,,
2820,12.305136735158957,0,0.0044444446,150,,,,
2821,19.508861961811075,0,0.0044444446,150,,,,
2822,19.05713084060507,0,0.0044444446,150,,,,
2823,17.679167434995446,0,0.0044444446,150,,,,
2824,17.62497009731146,0,0.0044444446,150,,,,
2825,18.610730723251237,0,0.013333334,150,,,,
2826,15.055417646426449,0,0.0044444446,150,,,,
2827,14.264424064316646,0,0.0044444446,150,,,,
2828,14.857384807339788,0,0.0044444446,150,,,,
2829,16.942739095079684,0,0.008888889,150,,,,
2830,17.228947705049404,0,0.008888889,150,,,,
2831,20.062195020554974,0,0.0044444446,150,,,,
2832,11.283283807359027,0,0.0044444446,150,,,,
2833,14.03031779707226,1,0.013333334,150,,,,
2834,19.24689260639333,0,0.0044444446,150,,,,
2835,20.558579962456122,0,0.0044444446,150,,,,
2836,17.340934696443256,0,0.008888889,150,,,,
2837,10.732807580691762,0,0.0044444446,150,,,,
2838,18.301388746487277,0,0.0044444446,150,,,,
2839,17.28291193441255,0,0.0044444446,150,,,,
2840,17.679167434995446,0,0.0044444446,150,,,,
2841,19.57997198838077,0,0.0044444446,150,,,,
2842,19.835798187264267,0,0.0044444446,150,,,,
2843,17.895893798319953,0,0.0044444446,150,,,,
2844,14.343683932977903,0,0.0044444446,150,,,,
2845,17.173098344635875,0,0.0044444446,150,,,,
2846,17.235121918479358,0,0.0044444446,150,,,,
2847,12.470989067537811,0,0.0044444446,150,,,,
2848,16.857881984299667,0,0.008888889,150,,,,
2849,11.283283807359027,0,0.0044444446,150,,,,
2850,18.62626153011045,0,0.0044444446,150,,,,
2851,17.256615751057787,0,0.0044444446,150,,,,
2852,19.121022596973567,0,0.0044444446,150,,,,
2853,13.020144036085792,0,0.0044444446,150,,,,
2854,17.542772691501394,0,0.013333334,150,,,,
2855,20.842391440765514,0,0.008888889,150,,,,
2856,14.578027805424817,0,0.008888889,150,,,,
2857,19.895532436647827,0,0.0044444446,150,,,,
2858,19.24689260639333,0,0.0044444446,150,,,,
2859,19.74592736152523,0,0.0044444446,150,,,,
2860,19.57997198838077,0,0.0044444446,150,,,,
2861,14.090532595795953,0,0.008888889,150,,,,
2862,18.181322981665556,0,0.0044444446,150,,,,
2863,18.871836701429817,0,0.013333334,150,,,,
2864,15.415579677221409,0,0.0044444446,150,,,,
2865,13.69291458917294,0,0.0044444446,150,,,,
2866,10.695426575675295,0,0.0044444446,150,,,,
2867,17.321659613072757,0,0.008888889,150,,,,
2868,11.720691718858312,0,0.008888889,150,,,,
2869,14.23244426667592,0,0.0044444446,150,,,,
2870,19.24689260639333,0,0.0044444446,150,,,,
2871,16.08530541924007,0,0.0044444446,150,,,,
2872,19.789722110930196,0,0.0044444446,150,,,,
2873,12.008729270656506,0,0.0044444446,150,,,,
2874,15.23761788213244,0,0.0044444446,150,,,,
2875,14.23244426667592,0,0.0044444446,150,,,,
2876,17.62497009731146,0,0.0044444446,150,,,,
2877,20.387442259954643,0,0.008888889,150,,,,
2878,14.407371868545678,0,0.0044444446,150,,,,
2879,15.47600380206033,0,0.0044444446,150,,,,
2880,13.956954788077852,0,0.0044444446,150,,,,
2881,11.40593608676668,0,0.0044444446,150,,,,
2882,12.150122442574954,0,0.0044444446,150,,,,
2883,19.74592736152523,0,0.0044444446,150,,,,
2884,19.789722110930196,0,0.0044444446,150,,,,
2885,17.047471298986085,0,0.008888889,150,,,,
2886,12.008729270656506,0,0.0044444446,150,,,,
2887,13.94518289286976,0,0.0044444446,150,,,,
2888,19.835798187264267,0,0.0044444446,150,,,,
2889,14.407371868545678,0,0.0044444446,150,,,,
2890,17.598558790785276,0,0.0044444446,150,,,,
2891,13.191659145888202,0,0.008888889,150,,,,
2892,11.47924953018165,0,0.0044444446,150,,,,
2893,12.157889586539941,0,0.0044444446,150,,,,
2894,12.597510328139272,0,0.0044444446,150,,,,
2895,14.351420687811434,0,0.0044444446,150,,,,
2896,17.100194915041296,0,0.0044444446,150,,,,
2897,11.40593608676668,0,0.0044444446,150,,,,
2898,15.89746750667856,0,0.008888889,150,,,,
2899,14.727217681017674,0,0.0044444446,150,,,,
2900,12.702826852865268,0,0.0044444446,150,,,,
2901,17.97602332352262,0,0.0044444446,150,,,,
2902,12.253753626625816,0,0.0044444446,150,,,,
2903,18.351906625221552,0,0.0044444446,150,,,,
2904,13.683034853085267,0,0.0044444446,150,,,,
2905,19.945702679787757,0,0.0044444446,150,,,,
2906,15.318627352341046,0,0.008888889,150,,,,
2907,18.351906625221552,0,0.0044444446,150,,,,
2908,18.646686153109254,0,0.008888889,150,,,,
2909,17.62497009731146,0,0.0044444446,150,,,,
2910,17.232773516219083,0,0.0044444446,150,,,,
2911,12.702826852865268,0,0.0044444446,150,,,,
2912,17.33638012333207,0,0.013333334,150,,,,
2913,14.407371868545678,0,0.0044444446,150,,,,
2914,20.642258835119904,0,0.008888889,150,,,,
2915,18.045003107913164,0,0.0044444446,150,,,,
2916,12.305136735158957,0,0.0044444446,150,,,,
2917,12.610173793529292,0,0.0044444446,150,,,,
2918,13.23849411581416,0,0.008888889,150,,,,
2919,16.788197706954463,0,0.0044444446,150,,,,
2920,19.835798187264267,0,0.0044444446,150,,,,
2921,20.056301226450312,0,0.0044444446,150,,,,
2922,14.654250440555149,0,0.0044444446,150,,,,
2923,14.92004009639702,0,0.0044444446,150,,,,
2924,14.92004009639702,0,0.0044444446,150,,,,
2925,19.05713084060507,0,0.0044444446,150,,,,
2926,20.628585128086602,0,0.0044444446,150,,,,
2927,19.05713084060507,0,0.0044444446,150,,,,
2928,13.245721628376359,0,0.0044444446,150,,,,
2929,14.407371868545678,0,0.0044444446,150,,,,
2930,15.055417646426449,0,0.0044444446,150,,,,
2931,11.845010814591785,0,0.0044444446,150,,,,
2932,13.245721628376359,0,0.0044444446,150,,,,
2933,14.654250440555149,0,0.0044444446,150,,,,
2934,14.654250440555149,0,0.0044444446,150,,,,
2935,14.137569902317896,0,0.008888889,150,,,,
2936,19.308140075297054,0,0.0044444446,150,,,,
2937,18.202788427085284,0,0.0044444446,150,,,,
2938,19.671927498138086,0,0.0044444446,150,,,,
2939,15.47600380206033,0,0.0044444446,150,,,,
2940,18.301388746487277,0,0.0044444446,150,,,,
2941,17.28291193441255,0,0.0044444446,150,,,,
2942,12.607168804927866,0,0.0044444446,150,,,,
2943,14.406297382851434,0,0.008888889,150,,,,
2944,19.330512948177315,0,0.0044444446,150,,,,
2945,12.470989067537811,0,0.0044444446,150,,,,
2946,18.82810533336312,0,0.0044444446,150,,,,
2947,19.366727664521182,0,0.008888889,150,,,,
2948,16.08530541924007,0,0.0044444446,150,,,,
2949,17.62497009731146,0,0.0044444446,150,,,,
2950,11.370054090023775,0,0.0044444446,150,,,,
2951,17.173098344635875,0,0.0044444446,150,,,,
2952,17.943926142203438,1,0.008888889,150,,,,
2953,20.819576333259572,0,0.0044444446,150,,,,
2954,16.773502730492847,0,0.0044444446,150,,,,
2955,19.87481592774869,0,0.0044444446,150,,,,
2956,18.231470638320484,0,0.008888889,150,,,,
2957,14.98713260300742,0,0.008888889,150,,,,
2958,13.233585081812333,0,0.0044444446,150,,,,
2959,11.146639657279184,0,0.0044444446,150,,,,
2960,13.762977593962848,0,0.008888889,150,,,,
2961,14.264424064316646,0,0.0044444446,150,,,,
2962,11.283283807359027,0,0.0044444446,150,,,,
2963,19.201416583317982,0,0.008888889,150,,,,
2964,17.747524750718487,0,0.0044444446,150,,,,
2965,12.702826852865268,0,0.0044444446,150,,,,
2966,10.873889492453763,0,0.0044444446,150,,,,
2967,13.742433989693716,0,0.0044444446,150,,,,
2968,19.06643715523947,0,0.0044444446,150,,,,
2969,15.65796638711462,0,0.0044444446,150,,,,
2970,14.654250440555149,0,0.0044444446,150,,,,
2971,15.8823430025925,1,0.008888889,150,,,,
2972,12.568883936634084,0,0.0044444446,150,,,,
2973,13.026081426071244,0,0.0044444446,150,,,,
2974,10.979956934840523,0,0.0044444446,150,,,,
2975,13.026081426071244,0,0.0044444446,150,,,,
2976,17.679167434995446,0,0.0044444446,150,,,,
2977,15.33638737220802,0,0.0044444446,150,,,,
2978,19.06643715523947,0,0.0044444446,150,,,,
2979,17.28291193441255,0,0.0044444446,150,,,,
2980,18.181322981665556,0,0.0044444446,150,,,,
2981,18.91268515544731,0,0.0044444446,150,,,,
2982,10.7629267103881,0,0.0044444446,150,,,,
2983,13.35350677631817,0,0.013333334,150,,,,
2984,18.351906625221552,0,0.0044444446,150,,,,
2985,17.100194915041296,0,0.0044444446,150,,,,
2986,13.233585081812333,0,0.0044444446,150,,,,
2987,15.15485903512445,0,0.0044444446,150,,,,
2988,10.53179461053692,0,0.0044444446,150,,,,
2989,17.966771250172663,0,0.0044444446,150,,,,
2990,18.327071142407476,0,0.0044444446,150,,,,
2991,10.692350820181623,0,0.0044444446,150,,,,
2992,19.04613015989661,0,0.013333334,150,,,,
2993,20.39785965824819,0,0.0044444446,150,,,,
2994,14.25304298360152,0,0.0044444446,150,,,,
2995,13.541190169597268,0,0.0044444446,150,,,,
2996,11.006143844364917,0,0.0044444446,150,,,,
2997,18.301388746487277,0,0.0044444446,150,,,,
2998,18.956256897169094,0,0.0044444446,150,,,,
2999,15.430160824939026,0,0.0044444446,150,,,,
